rank,fund_code,fund_name,fund_type_bucket,ytd_return_pct,rank_as_of,holding_report_date,holding_rank,stock_code,stock_name,weight_pct,shares_10k,market_value_10k
1,016873,广发远见智选混合A,混合型,77.37,2026-04-14,2025-12-31,1,688525,佰维存储,9.58%,21.46,"2,463.74"
1,016873,广发远见智选混合A,混合型,77.37,2026-04-14,2025-12-31,2,301308,江波龙,8.89%,9.34,"2,286.81"
1,016873,广发远见智选混合A,混合型,77.37,2026-04-14,2025-12-31,3,688766,普冉股份,8.89%,17.97,"2,285.42"
1,016873,广发远见智选混合A,混合型,77.37,2026-04-14,2025-12-31,4,688031,星环科技,8.50%,20.20,"2,185.20"
1,016873,广发远见智选混合A,混合型,77.37,2026-04-14,2025-12-31,5,001309,德明利,7.90%,8.76,"2,030.43"
1,016873,广发远见智选混合A,混合型,77.37,2026-04-14,2025-12-31,6,300604,长川科技,7.63%,19.38,"1,963.39"
1,016873,广发远见智选混合A,混合型,77.37,2026-04-14,2025-12-31,7,300223,北京君正,6.28%,15.24,"1,616.05"
1,016873,广发远见智选混合A,混合型,77.37,2026-04-14,2025-12-31,8,688627,精智达,6.09%,7.01,"1,566.81"
1,016873,广发远见智选混合A,混合型,77.37,2026-04-14,2025-12-31,9,603929,亚翔集成,5.89%,15.85,"1,514.00"
1,016873,广发远见智选混合A,混合型,77.37,2026-04-14,2025-12-31,10,603986,兆易创新,5.21%,6.25,"1,339.06"
1,016873,广发远见智选混合A,混合型,77.37,2026-04-14,2025-12-31,11,300475,香农芯创,4.68%,8.34,"1,203.80"
1,016873,广发远见智选混合A,混合型,77.37,2026-04-14,2025-12-31,12,688249,晶合集成,4.48%,34.72,"1,152.37"
1,016873,广发远见智选混合A,混合型,77.37,2026-04-14,2025-12-31,13,688228,开普云,3.35%,4.43,862.04
1,016873,广发远见智选混合A,混合型,77.37,2026-04-14,2025-12-31,14,688376,美埃科技,2.71%,12.05,696.89
1,016873,广发远见智选混合A,混合型,77.37,2026-04-14,2025-12-31,15,688809,强一股份,2.09%,2.09,537.14
1,016873,广发远见智选混合A,混合型,77.37,2026-04-14,2025-12-31,16,688802,沐曦股份,0.08%,0.05,21.29
1,016873,广发远见智选混合A,混合型,77.37,2026-04-14,2025-12-31,17,688759,必贝特,0.04%,0.43,10.84
1,016873,广发远见智选混合A,混合型,77.37,2026-04-14,2025-12-31,18,688790,昂瑞微,0.03%,0.06,6.79
1,016873,广发远见智选混合A,混合型,77.37,2026-04-14,2025-12-31,19,688807,优迅股份,0.00%,0.01,1.13
1,016873,广发远见智选混合A,混合型,77.37,2026-04-14,2025-12-31,20,301687,新广益,0.00%,0.02,1.06
2,020722,国寿安保数字经济股票发起式A,股票型,62.0,2026-04-14,2025-12-31,1,300502,新易盛,9.23%,0.43,185.28
2,020722,国寿安保数字经济股票发起式A,股票型,62.0,2026-04-14,2025-12-31,2,300308,中际旭创,8.21%,0.27,164.70
2,020722,国寿安保数字经济股票发起式A,股票型,62.0,2026-04-14,2025-12-31,3,01860,汇量科技,7.43%,10.80,149.05
2,020722,国寿安保数字经济股票发起式A,股票型,62.0,2026-04-14,2025-12-31,4,09988,阿里巴巴-W,6.81%,1.06,136.72
2,020722,国寿安保数字经济股票发起式A,股票型,62.0,2026-04-14,2025-12-31,5,688205,德科立,6.55%,0.96,131.51
2,020722,国寿安保数字经济股票发起式A,股票型,62.0,2026-04-14,2025-12-31,6,300394,天孚通信,6.17%,0.61,123.85
2,020722,国寿安保数字经济股票发起式A,股票型,62.0,2026-04-14,2025-12-31,7,01024,快手-W,5.67%,1.97,113.79
2,020722,国寿安保数字经济股票发起式A,股票型,62.0,2026-04-14,2025-12-31,8,688498,源杰科技,5.53%,0.17,111.06
2,020722,国寿安保数字经济股票发起式A,股票型,62.0,2026-04-14,2025-12-31,9,688313,仕佳光子,4.86%,1.10,97.44
2,020722,国寿安保数字经济股票发起式A,股票型,62.0,2026-04-14,2025-12-31,10,06869,长飞光纤光缆,4.31%,1.85,86.39
2,020722,国寿安保数字经济股票发起式A,股票型,62.0,2026-04-14,2025-12-31,11,02556,迈富时,3.85%,2.44,77.18
2,020722,国寿安保数字经济股票发起式A,股票型,62.0,2026-04-14,2025-12-31,12,01686,新意网集团,3.81%,18.40,76.45
2,020722,国寿安保数字经济股票发起式A,股票型,62.0,2026-04-14,2025-12-31,13,00268,金蝶国际,3.17%,5.30,63.62
2,020722,国寿安保数字经济股票发起式A,股票型,62.0,2026-04-14,2025-12-31,14,000880,潍柴重机,3.08%,2.26,61.74
2,020722,国寿安保数字经济股票发起式A,股票型,62.0,2026-04-14,2025-12-31,15,300895,铜牛信息,3.04%,1.38,60.93
2,020722,国寿安保数字经济股票发起式A,股票型,62.0,2026-04-14,2025-12-31,16,600184,光电股份,3.02%,3.18,60.61
2,020722,国寿安保数字经济股票发起式A,股票型,62.0,2026-04-14,2025-12-31,17,00700,腾讯控股,2.97%,0.11,59.51
2,020722,国寿安保数字经济股票发起式A,股票型,62.0,2026-04-14,2025-12-31,18,06682,范式智能,2.44%,1.23,48.90
2,020722,国寿安保数字经济股票发起式A,股票型,62.0,2026-04-14,2025-12-31,19,603124,江南新材,1.06%,0.27,21.29
3,024459,华商致远回报混合A,混合型,52.72,2026-04-14,2025-12-31,1,300308,中际旭创,7.75%,13.85,"8,448.50"
3,024459,华商致远回报混合A,混合型,52.72,2026-04-14,2025-12-31,2,300502,新易盛,7.41%,18.74,"8,074.17"
3,024459,华商致远回报混合A,混合型,52.72,2026-04-14,2025-12-31,3,300476,胜宏科技,5.72%,21.66,"6,228.15"
3,024459,华商致远回报混合A,混合型,52.72,2026-04-14,2025-12-31,4,002384,东山精密,4.43%,57.07,"4,830.98"
3,024459,华商致远回报混合A,混合型,52.72,2026-04-14,2025-12-31,5,300548,长芯博创,4.25%,32.61,"4,630.62"
3,024459,华商致远回报混合A,混合型,52.72,2026-04-14,2025-12-31,6,688233,神工股份,3.89%,60.50,"4,236.51"
3,024459,华商致远回报混合A,混合型,52.72,2026-04-14,2025-12-31,7,688195,腾景科技,3.85%,24.71,"4,189.83"
3,024459,华商致远回报混合A,混合型,52.72,2026-04-14,2025-12-31,8,06869,长飞光纤光缆,3.77%,87.87,"4,103.19"
3,024459,华商致远回报混合A,混合型,52.72,2026-04-14,2025-12-31,9,688313,仕佳光子,3.55%,43.57,"3,867.98"
3,024459,华商致远回报混合A,混合型,52.72,2026-04-14,2025-12-31,10,002463,沪电股份,3.34%,49.87,"3,644.00"
3,024459,华商致远回报混合A,混合型,52.72,2026-04-14,2025-12-31,11,688498,源杰科技,3.06%,5.19,"3,333.40"
3,024459,华商致远回报混合A,混合型,52.72,2026-04-14,2025-12-31,12,600105,永鼎股份,2.72%,118.18,"2,966.32"
3,024459,华商致远回报混合A,混合型,52.72,2026-04-14,2025-12-31,13,300620,光库科技,2.40%,17.75,"2,610.14"
3,024459,华商致远回报混合A,混合型,52.72,2026-04-14,2025-12-31,14,601138,工业富联,2.28%,40.00,"2,482.00"
3,024459,华商致远回报混合A,混合型,52.72,2026-04-14,2025-12-31,15,002080,中材科技,2.15%,64.46,"2,342.48"
3,024459,华商致远回报混合A,混合型,52.72,2026-04-14,2025-12-31,16,003031,中瓷电子,2.15%,31.99,"2,340.39"
3,024459,华商致远回报混合A,混合型,52.72,2026-04-14,2025-12-31,17,301377,鼎泰高科,2.07%,16.24,"2,258.98"
3,024459,华商致远回报混合A,混合型,52.72,2026-04-14,2025-12-31,18,603256,宏和科技,1.99%,58.76,"2,162.96"
3,024459,华商致远回报混合A,混合型,52.72,2026-04-14,2025-12-31,19,301183,东田微,1.63%,11.44,"1,774.23"
3,024459,华商致远回报混合A,混合型,52.72,2026-04-14,2025-12-31,20,688205,德科立,1.48%,11.72,"1,611.27"
4,002862,金信量化精选混合A,混合型,51.91,2026-04-14,2026-03-31,1,688205,德科立,9.14%,8.54,"1,570.90"
4,002862,金信量化精选混合A,混合型,51.91,2026-04-14,2026-03-31,2,688195,腾景科技,8.82%,5.61,"1,516.43"
4,002862,金信量化精选混合A,混合型,51.91,2026-04-14,2026-03-31,3,301396,宏景科技,8.52%,9.55,"1,463.54"
4,002862,金信量化精选混合A,混合型,51.91,2026-04-14,2026-03-31,4,300131,英唐智控,6.42%,96.90,"1,102.72"
4,002862,金信量化精选混合A,混合型,51.91,2026-04-14,2026-03-31,5,688312,燕麦科技,5.59%,20.41,961.55
4,002862,金信量化精选混合A,混合型,51.91,2026-04-14,2026-03-31,6,002150,正泰电源,4.89%,26.45,841.11
4,002862,金信量化精选混合A,混合型,51.91,2026-04-14,2026-03-31,7,300390,天华新能,3.45%,10.12,592.28
4,002862,金信量化精选混合A,混合型,51.91,2026-04-14,2026-03-31,8,688802,沐曦股份,3.26%,0.93,559.86
4,002862,金信量化精选混合A,混合型,51.91,2026-04-14,2026-03-31,9,002025,航天电器,3.10%,8.47,532.51
4,002862,金信量化精选混合A,混合型,51.91,2026-04-14,2026-03-31,10,600590,泰豪科技,2.57%,34.35,442.08
5,025421,浦银安盛数字经济混合A,混合型,51.68,2026-04-14,2025-12-31,1,300308,中际旭创,10.40%,7.51,"4,581.10"
5,025421,浦银安盛数字经济混合A,混合型,51.68,2026-04-14,2025-12-31,2,300502,新易盛,10.40%,10.63,"4,580.25"
5,025421,浦银安盛数字经济混合A,混合型,51.68,2026-04-14,2025-12-31,3,300394,天孚通信,8.85%,19.19,"3,896.15"
5,025421,浦银安盛数字经济混合A,混合型,51.68,2026-04-14,2025-12-31,4,688498,源杰科技,6.90%,4.73,"3,037.00"
5,025421,浦银安盛数字经济混合A,混合型,51.68,2026-04-14,2025-12-31,5,600105,永鼎股份,6.52%,114.40,"2,871.44"
5,025421,浦银安盛数字经济混合A,混合型,51.68,2026-04-14,2025-12-31,6,603083,剑桥科技,5.31%,17.40,"2,338.21"
5,025421,浦银安盛数字经济混合A,混合型,51.68,2026-04-14,2025-12-31,7,06869,长飞光纤光缆,4.90%,46.20,"2,157.38"
5,025421,浦银安盛数字经济混合A,混合型,51.68,2026-04-14,2025-12-31,8,688195,腾景科技,4.73%,12.29,"2,083.33"
5,025421,浦银安盛数字经济混合A,混合型,51.68,2026-04-14,2025-12-31,9,002222,福晶科技,4.35%,34.02,"1,916.69"
5,025421,浦银安盛数字经济混合A,混合型,51.68,2026-04-14,2025-12-31,10,300570,太辰光,4.31%,16.41,"1,896.18"
5,025421,浦银安盛数字经济混合A,混合型,51.68,2026-04-14,2025-12-31,11,300548,长芯博创,3.70%,11.48,"1,630.16"
5,025421,浦银安盛数字经济混合A,混合型,51.68,2026-04-14,2025-12-31,12,301486,致尚科技,3.06%,10.85,"1,345.94"
5,025421,浦银安盛数字经济混合A,混合型,51.68,2026-04-14,2025-12-31,13,301205,联特科技,3.03%,7.93,"1,336.28"
5,025421,浦银安盛数字经济混合A,混合型,51.68,2026-04-14,2025-12-31,14,300757,罗博特科,2.61%,4.93,"1,150.17"
5,025421,浦银安盛数字经济混合A,混合型,51.68,2026-04-14,2025-12-31,15,688313,仕佳光子,2.48%,12.31,"1,093.29"
5,025421,浦银安盛数字经济混合A,混合型,51.68,2026-04-14,2025-12-31,16,688167,炬光科技,2.09%,5.26,921.39
5,025421,浦银安盛数字经济混合A,混合型,51.68,2026-04-14,2025-12-31,17,603306,华懋科技,2.05%,14.35,904.19
5,025421,浦银安盛数字经济混合A,混合型,51.68,2026-04-14,2025-12-31,18,300620,光库科技,2.05%,6.14,902.89
5,025421,浦银安盛数字经济混合A,混合型,51.68,2026-04-14,2025-12-31,19,01729,汇聚科技,1.90%,54.50,837.33
5,025421,浦银安盛数字经济混合A,混合型,51.68,2026-04-14,2025-12-31,20,688048,长光华芯,1.33%,4.67,585.17
6,011369,华商均衡成长混合A,混合型,51.24,2026-04-14,2025-12-31,1,300308,中际旭创,8.00%,31.92,"19,468.64"
6,011369,华商均衡成长混合A,混合型,51.24,2026-04-14,2025-12-31,2,300502,新易盛,7.32%,41.36,"17,819.47"
6,011369,华商均衡成长混合A,混合型,51.24,2026-04-14,2025-12-31,3,300476,胜宏科技,5.45%,46.08,"13,250.71"
6,011369,华商均衡成长混合A,混合型,51.24,2026-04-14,2025-12-31,4,601869,长飞光纤,4.91%,102.73,"11,953.66"
6,011369,华商均衡成长混合A,混合型,51.24,2026-04-14,2025-12-31,5,688498,源杰科技,4.18%,15.84,"10,167.71"
6,011369,华商均衡成长混合A,混合型,51.24,2026-04-14,2025-12-31,6,002384,东山精密,4.17%,119.78,"10,139.38"
6,011369,华商均衡成长混合A,混合型,51.24,2026-04-14,2025-12-31,7,688143,长盈通,4.03%,195.26,"9,803.89"
6,011369,华商均衡成长混合A,混合型,51.24,2026-04-14,2025-12-31,8,300548,长芯博创,4.00%,68.60,"9,741.58"
6,011369,华商均衡成长混合A,混合型,51.24,2026-04-14,2025-12-31,9,688195,腾景科技,4.00%,57.36,"9,725.47"
6,011369,华商均衡成长混合A,混合型,51.24,2026-04-14,2025-12-31,10,688233,神工股份,3.95%,137.11,"9,601.95"
6,011369,华商均衡成长混合A,混合型,51.24,2026-04-14,2025-12-31,11,301377,鼎泰高科,3.93%,68.82,"9,572.86"
6,011369,华商均衡成长混合A,混合型,51.24,2026-04-14,2025-12-31,12,688313,仕佳光子,3.21%,87.86,"7,800.61"
6,011369,华商均衡成长混合A,混合型,51.24,2026-04-14,2025-12-31,13,301183,东田微,3.12%,49.01,"7,600.67"
6,011369,华商均衡成长混合A,混合型,51.24,2026-04-14,2025-12-31,14,688048,长光华芯,3.09%,59.99,"7,519.42"
6,011369,华商均衡成长混合A,混合型,51.24,2026-04-14,2025-12-31,15,002463,沪电股份,2.86%,95.09,"6,948.23"
6,011369,华商均衡成长混合A,混合型,51.24,2026-04-14,2025-12-31,16,601231,环旭电子,2.83%,229.74,"6,892.20"
6,011369,华商均衡成长混合A,混合型,51.24,2026-04-14,2025-12-31,17,300620,光库科技,2.19%,36.25,"5,330.56"
6,011369,华商均衡成长混合A,混合型,51.24,2026-04-14,2025-12-31,18,300394,天孚通信,2.19%,26.22,"5,323.45"
6,011369,华商均衡成长混合A,混合型,51.24,2026-04-14,2025-12-31,19,688205,德科立,2.13%,37.62,"5,172.25"
6,011369,华商均衡成长混合A,混合型,51.24,2026-04-14,2025-12-31,20,601138,工业富联,1.97%,77.12,"4,785.30"
7,008528,华泰柏瑞质量成长A,混合型,48.64,2026-04-14,2025-12-31,1,300502,新易盛,10.02%,52.85,"22,771.40"
7,008528,华泰柏瑞质量成长A,混合型,48.64,2026-04-14,2025-12-31,2,300308,中际旭创,10.02%,37.33,"22,771.30"
7,008528,华泰柏瑞质量成长A,混合型,48.64,2026-04-14,2025-12-31,3,300394,天孚通信,8.83%,98.81,"20,062.21"
7,008528,华泰柏瑞质量成长A,混合型,48.64,2026-04-14,2025-12-31,4,688498,源杰科技,7.53%,26.67,"17,120.91"
7,008528,华泰柏瑞质量成长A,混合型,48.64,2026-04-14,2025-12-31,5,600183,生益科技,7.30%,232.31,"16,589.26"
7,008528,华泰柏瑞质量成长A,混合型,48.64,2026-04-14,2025-12-31,6,06869,长飞光纤光缆,6.52%,317.45,"14,823.80"
7,008528,华泰柏瑞质量成长A,混合型,48.64,2026-04-14,2025-12-31,7,002916,深南电路,6.13%,59.96,"13,928.81"
7,008528,华泰柏瑞质量成长A,混合型,48.64,2026-04-14,2025-12-31,8,688313,仕佳光子,5.92%,151.65,"13,463.48"
7,008528,华泰柏瑞质量成长A,混合型,48.64,2026-04-14,2025-12-31,9,002384,东山精密,4.69%,125.91,"10,658.28"
7,008528,华泰柏瑞质量成长A,混合型,48.64,2026-04-14,2025-12-31,10,688205,德科立,3.15%,52.06,"7,156.81"
7,008528,华泰柏瑞质量成长A,混合型,48.64,2026-04-14,2025-12-31,11,001309,德明利,2.46%,24.10,"5,588.09"
7,008528,华泰柏瑞质量成长A,混合型,48.64,2026-04-14,2025-12-31,12,688256,寒武纪,2.29%,3.85,"5,213.58"
7,008528,华泰柏瑞质量成长A,混合型,48.64,2026-04-14,2025-12-31,13,300620,光库科技,1.71%,26.36,"3,876.24"
7,008528,华泰柏瑞质量成长A,混合型,48.64,2026-04-14,2025-12-31,14,301308,江波龙,1.52%,14.13,"3,459.59"
7,008528,华泰柏瑞质量成长A,混合型,48.64,2026-04-14,2025-12-31,15,601869,长飞光纤,1.39%,27.17,"3,161.50"
7,008528,华泰柏瑞质量成长A,混合型,48.64,2026-04-14,2025-12-31,16,300475,香农芯创,0.76%,12.04,"1,737.85"
7,008528,华泰柏瑞质量成长A,混合型,48.64,2026-04-14,2025-12-31,17,300476,胜宏科技,0.71%,5.64,"1,621.95"
7,008528,华泰柏瑞质量成长A,混合型,48.64,2026-04-14,2025-12-31,18,603986,兆易创新,0.71%,7.48,"1,602.59"
7,008528,华泰柏瑞质量成长A,混合型,48.64,2026-04-14,2025-12-31,19,600105,永鼎股份,0.70%,62.94,"1,579.79"
7,008528,华泰柏瑞质量成长A,混合型,48.64,2026-04-14,2025-12-31,20,688195,腾景科技,0.67%,9.00,"1,526.36"
8,026210,平安科技精选混合发起式A,混合型,48.51,2026-04-14,2025-12-31,1,603228,景旺电子,8.80%,5.37,392.49
8,026210,平安科技精选混合发起式A,混合型,48.51,2026-04-14,2025-12-31,2,300308,中际旭创,8.75%,0.64,390.40
8,026210,平安科技精选混合发起式A,混合型,48.51,2026-04-14,2025-12-31,3,300502,新易盛,8.60%,0.89,383.48
8,026210,平安科技精选混合发起式A,混合型,48.51,2026-04-14,2025-12-31,4,300395,菲利华,8.48%,3.77,378.13
8,026210,平安科技精选混合发起式A,混合型,48.51,2026-04-14,2025-12-31,5,300806,斯迪克,5.11%,7.42,228.09
8,026210,平安科技精选混合发起式A,混合型,48.51,2026-04-14,2025-12-31,6,301486,致尚科技,5.01%,1.80,223.29
8,026210,平安科技精选混合发起式A,混合型,48.51,2026-04-14,2025-12-31,7,688498,源杰科技,5.00%,0.35,223.22
8,026210,平安科技精选混合发起式A,混合型,48.51,2026-04-14,2025-12-31,8,300548,长芯博创,4.97%,1.56,221.52
8,026210,平安科技精选混合发起式A,混合型,48.51,2026-04-14,2025-12-31,9,002536,飞龙股份,4.95%,7.44,220.97
8,026210,平安科技精选混合发起式A,混合型,48.51,2026-04-14,2025-12-31,10,300620,光库科技,4.94%,1.50,220.58
9,020775,国寿安保产业升级股票发起式A,股票型,48.27,2026-04-14,2025-12-31,1,001309,德明利,6.71%,0.39,90.44
9,020775,国寿安保产业升级股票发起式A,股票型,48.27,2026-04-14,2025-12-31,2,688627,精智达,5.99%,0.36,80.67
9,020775,国寿安保产业升级股票发起式A,股票型,48.27,2026-04-14,2025-12-31,3,301338,凯格精机,5.30%,0.81,71.37
9,020775,国寿安保产业升级股票发起式A,股票型,48.27,2026-04-14,2025-12-31,4,002384,东山精密,5.28%,0.84,71.11
9,020775,国寿安保产业升级股票发起式A,股票型,48.27,2026-04-14,2025-12-31,5,688630,芯碁微装,4.89%,0.49,65.92
9,020775,国寿安保产业升级股票发起式A,股票型,48.27,2026-04-14,2025-12-31,6,002487,大金重工,4.43%,1.15,59.72
9,020775,国寿安保产业升级股票发起式A,股票型,48.27,2026-04-14,2025-12-31,7,000425,徐工机械,3.97%,4.62,53.50
9,020775,国寿安保产业升级股票发起式A,股票型,48.27,2026-04-14,2025-12-31,8,301200,大族数控,3.97%,0.45,53.45
9,020775,国寿安保产业升级股票发起式A,股票型,48.27,2026-04-14,2025-12-31,9,001288,运机集团,3.87%,1.63,52.14
9,020775,国寿安保产业升级股票发起式A,股票型,48.27,2026-04-14,2025-12-31,10,603061,金海通,3.75%,0.36,50.54
9,020775,国寿安保产业升级股票发起式A,股票型,48.27,2026-04-14,2025-12-31,11,688531,日联科技,3.62%,0.74,48.72
9,020775,国寿安保产业升级股票发起式A,股票型,48.27,2026-04-14,2025-12-31,12,301031,中熔电气,3.57%,0.43,48.15
9,020775,国寿安保产业升级股票发起式A,股票型,48.27,2026-04-14,2025-12-31,13,688525,佰维存储,3.49%,0.41,47.06
9,020775,国寿安保产业升级股票发起式A,股票型,48.27,2026-04-14,2025-12-31,14,688668,鼎通科技,3.44%,0.37,46.33
9,020775,国寿安保产业升级股票发起式A,股票型,48.27,2026-04-14,2025-12-31,15,688518,联赢激光,3.32%,1.84,44.68
9,020775,国寿安保产业升级股票发起式A,股票型,48.27,2026-04-14,2025-12-31,16,000657,中钨高新,3.23%,1.57,43.50
9,020775,国寿安保产业升级股票发起式A,股票型,48.27,2026-04-14,2025-12-31,17,688401,路维光电,3.01%,0.83,40.53
9,020775,国寿安保产业升级股票发起式A,股票型,48.27,2026-04-14,2025-12-31,18,300893,松原安全,3.00%,1.71,40.38
9,020775,国寿安保产业升级股票发起式A,股票型,48.27,2026-04-14,2025-12-31,19,000408,藏格矿业,2.82%,0.45,37.98
9,020775,国寿安保产业升级股票发起式A,股票型,48.27,2026-04-14,2025-12-31,20,301308,江波龙,2.73%,0.15,36.73
10,168002,国寿安保策略精选混合A,混合型,44.82,2026-04-14,2025-12-31,1,300308,中际旭创,9.94%,9.75,"5,947.50"
10,168002,国寿安保策略精选混合A,混合型,44.82,2026-04-14,2025-12-31,2,002384,东山精密,9.92%,70.12,"5,935.66"
10,168002,国寿安保策略精选混合A,混合型,44.82,2026-04-14,2025-12-31,3,688498,源杰科技,9.80%,9.13,"5,863.23"
10,168002,国寿安保策略精选混合A,混合型,44.82,2026-04-14,2025-12-31,4,300502,新易盛,9.68%,13.44,"5,791.03"
10,168002,国寿安保策略精选混合A,混合型,44.82,2026-04-14,2025-12-31,5,300394,天孚通信,9.48%,27.92,"5,668.60"
10,168002,国寿安保策略精选混合A,混合型,44.82,2026-04-14,2025-12-31,6,688313,仕佳光子,6.18%,41.66,"3,698.18"
10,168002,国寿安保策略精选混合A,混合型,44.82,2026-04-14,2025-12-31,7,688205,德科立,6.06%,26.35,"3,622.16"
10,168002,国寿安保策略精选混合A,混合型,44.82,2026-04-14,2025-12-31,8,06869,长飞光纤光缆,6.05%,77.50,"3,618.98"
10,168002,国寿安保策略精选混合A,混合型,44.82,2026-04-14,2025-12-31,9,001267,汇绿生态,3.19%,87.17,"1,909.02"
10,168002,国寿安保策略精选混合A,混合型,44.82,2026-04-14,2025-12-31,10,603124,江南新材,3.18%,24.08,"1,899.36"
10,168002,国寿安保策略精选混合A,混合型,44.82,2026-04-14,2025-12-31,11,300895,铜牛信息,3.13%,42.40,"1,871.96"
10,168002,国寿安保策略精选混合A,混合型,44.82,2026-04-14,2025-12-31,12,600184,光电股份,3.12%,97.85,"1,865.02"
10,168002,国寿安保策略精选混合A,混合型,44.82,2026-04-14,2025-12-31,13,688167,炬光科技,3.09%,10.56,"1,849.00"
10,168002,国寿安保策略精选混合A,混合型,44.82,2026-04-14,2025-12-31,14,002222,福晶科技,3.06%,32.53,"1,832.74"
10,168002,国寿安保策略精选混合A,混合型,44.82,2026-04-14,2025-12-31,15,300570,太辰光,3.03%,15.68,"1,811.82"
10,168002,国寿安保策略精选混合A,混合型,44.82,2026-04-14,2025-12-31,16,01729,汇聚科技,2.63%,102.30,"1,571.71"
10,168002,国寿安保策略精选混合A,混合型,44.82,2026-04-14,2025-12-31,17,688629,华丰科技,1.50%,8.95,895.06
11,010415,华泰柏瑞质量精选混合A,混合型,44.49,2026-04-14,2025-12-31,1,300308,中际旭创,10.06%,9.84,"6,002.40"
11,010415,华泰柏瑞质量精选混合A,混合型,44.49,2026-04-14,2025-12-31,2,300502,新易盛,9.97%,13.80,"5,945.28"
11,010415,华泰柏瑞质量精选混合A,混合型,44.49,2026-04-14,2025-12-31,3,300394,天孚通信,8.66%,25.43,"5,163.78"
11,010415,华泰柏瑞质量精选混合A,混合型,44.49,2026-04-14,2025-12-31,4,688498,源杰科技,7.57%,7.04,"4,518.65"
11,010415,华泰柏瑞质量精选混合A,混合型,44.49,2026-04-14,2025-12-31,5,301345,涛涛车业,7.08%,16.81,"4,224.69"
11,010415,华泰柏瑞质量精选混合A,混合型,44.49,2026-04-14,2025-12-31,6,688313,仕佳光子,6.55%,44.00,"3,906.28"
11,010415,华泰柏瑞质量精选混合A,混合型,44.49,2026-04-14,2025-12-31,7,002384,东山精密,4.71%,33.16,"2,806.99"
11,010415,华泰柏瑞质量精选混合A,混合型,44.49,2026-04-14,2025-12-31,8,002916,深南电路,4.56%,11.71,"2,720.12"
11,010415,华泰柏瑞质量精选混合A,混合型,44.49,2026-04-14,2025-12-31,9,688205,德科立,4.12%,17.89,"2,460.18"
11,010415,华泰柏瑞质量精选混合A,混合型,44.49,2026-04-14,2025-12-31,10,06869,长飞光纤光缆,3.61%,46.15,"2,155.04"
11,010415,华泰柏瑞质量精选混合A,混合型,44.49,2026-04-14,2025-12-31,11,300476,胜宏科技,3.56%,7.39,"2,125.22"
11,010415,华泰柏瑞质量精选混合A,混合型,44.49,2026-04-14,2025-12-31,12,600183,生益科技,3.42%,28.60,"2,042.33"
11,010415,华泰柏瑞质量精选混合A,混合型,44.49,2026-04-14,2025-12-31,13,001309,德明利,2.74%,7.04,"1,632.51"
11,010415,华泰柏瑞质量精选混合A,混合型,44.49,2026-04-14,2025-12-31,14,300620,光库科技,1.94%,7.86,"1,155.81"
11,010415,华泰柏瑞质量精选混合A,混合型,44.49,2026-04-14,2025-12-31,15,301061,匠心家居,1.86%,11.73,"1,112.00"
11,010415,华泰柏瑞质量精选混合A,混合型,44.49,2026-04-14,2025-12-31,16,601138,工业富联,1.52%,14.63,907.79
11,010415,华泰柏瑞质量精选混合A,混合型,44.49,2026-04-14,2025-12-31,17,301308,江波龙,1.49%,3.63,888.77
11,010415,华泰柏瑞质量精选混合A,混合型,44.49,2026-04-14,2025-12-31,18,601869,长飞光纤,1.10%,5.63,655.11
11,010415,华泰柏瑞质量精选混合A,混合型,44.49,2026-04-14,2025-12-31,19,002837,英维克,1.06%,5.89,629.58
11,010415,华泰柏瑞质量精选混合A,混合型,44.49,2026-04-14,2025-12-31,20,300274,阳光电源,0.77%,2.67,456.68
12,002376,国寿安保核心产业混合,混合型,43.79,2026-04-14,2025-12-31,1,002384,东山精密,6.37%,9.99,845.65
12,002376,国寿安保核心产业混合,混合型,43.79,2026-04-14,2025-12-31,2,001309,德明利,6.23%,3.57,827.85
12,002376,国寿安保核心产业混合,混合型,43.79,2026-04-14,2025-12-31,3,688627,精智达,5.91%,3.51,784.62
12,002376,国寿安保核心产业混合,混合型,43.79,2026-04-14,2025-12-31,4,301338,凯格精机,5.47%,8.25,726.91
12,002376,国寿安保核心产业混合,混合型,43.79,2026-04-14,2025-12-31,5,688630,芯碁微装,5.18%,5.11,687.76
12,002376,国寿安保核心产业混合,混合型,43.79,2026-04-14,2025-12-31,6,301031,中熔电气,4.36%,5.17,579.48
12,002376,国寿安保核心产业混合,混合型,43.79,2026-04-14,2025-12-31,7,002487,大金重工,4.14%,10.60,550.46
12,002376,国寿安保核心产业混合,混合型,43.79,2026-04-14,2025-12-31,8,001288,运机集团,3.95%,16.43,525.00
12,002376,国寿安保核心产业混合,混合型,43.79,2026-04-14,2025-12-31,9,603061,金海通,3.92%,3.71,520.88
12,002376,国寿安保核心产业混合,混合型,43.79,2026-04-14,2025-12-31,10,000425,徐工机械,3.92%,44.92,520.17
12,002376,国寿安保核心产业混合,混合型,43.79,2026-04-14,2025-12-31,11,301200,大族数控,3.90%,4.36,517.84
12,002376,国寿安保核心产业混合,混合型,43.79,2026-04-14,2025-12-31,12,688668,鼎通科技,3.87%,4.15,514.13
12,002376,国寿安保核心产业混合,混合型,43.79,2026-04-14,2025-12-31,13,688525,佰维存储,3.56%,4.12,472.93
12,002376,国寿安保核心产业混合,混合型,43.79,2026-04-14,2025-12-31,14,688531,日联科技,3.46%,6.96,459.54
12,002376,国寿安保核心产业混合,混合型,43.79,2026-04-14,2025-12-31,15,688518,联赢激光,3.15%,17.20,417.80
12,002376,国寿安保核心产业混合,混合型,43.79,2026-04-14,2025-12-31,16,688401,路维光电,3.14%,8.55,417.53
12,002376,国寿安保核心产业混合,混合型,43.79,2026-04-14,2025-12-31,17,000657,中钨高新,2.98%,14.30,396.25
12,002376,国寿安保核心产业混合,混合型,43.79,2026-04-14,2025-12-31,18,300893,松原安全,2.83%,15.91,376.10
12,002376,国寿安保核心产业混合,混合型,43.79,2026-04-14,2025-12-31,19,000408,藏格矿业,2.80%,4.41,372.20
12,002376,国寿安保核心产业混合,混合型,43.79,2026-04-14,2025-12-31,20,301308,江波龙,2.53%,1.37,335.43
13,006265,红土创新新科技股票A,股票型,42.54,2026-04-14,2025-12-31,1,300502,新易盛,8.35%,5.18,"2,231.96"
13,006265,红土创新新科技股票A,股票型,42.54,2026-04-14,2025-12-31,2,300308,中际旭创,8.10%,3.55,"2,165.50"
13,006265,红土创新新科技股票A,股票型,42.54,2026-04-14,2025-12-31,3,688498,源杰科技,6.03%,2.51,"1,611.97"
13,006265,红土创新新科技股票A,股票型,42.54,2026-04-14,2025-12-31,4,300394,天孚通信,5.60%,7.37,"1,496.33"
13,006265,红土创新新科技股票A,股票型,42.54,2026-04-14,2025-12-31,5,600105,永鼎股份,5.17%,55.06,"1,382.01"
13,006265,红土创新新科技股票A,股票型,42.54,2026-04-14,2025-12-31,6,601138,工业富联,5.13%,22.09,"1,370.46"
13,006265,红土创新新科技股票A,股票型,42.54,2026-04-14,2025-12-31,7,301486,致尚科技,4.90%,10.56,"1,309.97"
13,006265,红土创新新科技股票A,股票型,42.54,2026-04-14,2025-12-31,8,002463,沪电股份,4.87%,17.80,"1,300.65"
13,006265,红土创新新科技股票A,股票型,42.54,2026-04-14,2025-12-31,9,688630,芯碁微装,4.38%,8.71,"1,171.61"
13,006265,红土创新新科技股票A,股票型,42.54,2026-04-14,2025-12-31,10,688041,海光信息,4.35%,5.18,"1,162.78"
13,006265,红土创新新科技股票A,股票型,42.54,2026-04-14,2025-12-31,11,601231,环旭电子,4.16%,37.04,"1,111.29"
13,006265,红土创新新科技股票A,股票型,42.54,2026-04-14,2025-12-31,12,603083,剑桥科技,4.04%,8.04,"1,080.42"
13,006265,红土创新新科技股票A,股票型,42.54,2026-04-14,2025-12-31,13,688256,寒武纪,3.40%,0.67,908.63
13,006265,红土创新新科技股票A,股票型,42.54,2026-04-14,2025-12-31,14,688313,仕佳光子,3.17%,9.55,848.05
13,006265,红土创新新科技股票A,股票型,42.54,2026-04-14,2025-12-31,15,300548,长芯博创,3.06%,5.76,817.64
13,006265,红土创新新科技股票A,股票型,42.54,2026-04-14,2025-12-31,16,300476,胜宏科技,3.03%,2.82,810.98
13,006265,红土创新新科技股票A,股票型,42.54,2026-04-14,2025-12-31,17,688048,长光华芯,2.64%,5.62,704.74
13,006265,红土创新新科技股票A,股票型,42.54,2026-04-14,2025-12-31,18,002384,东山精密,2.36%,7.44,629.80
13,006265,红土创新新科技股票A,股票型,42.54,2026-04-14,2025-12-31,19,301200,大族数控,2.28%,5.12,608.13
13,006265,红土创新新科技股票A,股票型,42.54,2026-04-14,2025-12-31,20,300726,宏达电子,1.89%,9.92,505.03
14,025208,永赢先锋半导体智选混合发起A,混合型,41.69,2026-04-14,2025-12-31,1,001309,德明利,11.44%,460.00,"106,669.40"
14,025208,永赢先锋半导体智选混合发起A,混合型,41.69,2026-04-14,2025-12-31,2,688525,佰维存储,10.83%,880.00,"101,015.20"
14,025208,永赢先锋半导体智选混合发起A,混合型,41.69,2026-04-14,2025-12-31,3,300475,香农芯创,10.52%,680.00,"98,151.20"
14,025208,永赢先锋半导体智选混合发起A,混合型,41.69,2026-04-14,2025-12-31,4,301308,江波龙,9.71%,370.00,"90,590.80"
14,025208,永赢先锋半导体智选混合发起A,混合型,41.69,2026-04-14,2025-12-31,5,300223,北京君正,7.05%,620.00,"65,744.80"
14,025208,永赢先锋半导体智选混合发起A,混合型,41.69,2026-04-14,2025-12-31,6,603986,兆易创新,6.89%,300.00,"64,275.00"
14,025208,永赢先锋半导体智选混合发起A,混合型,41.69,2026-04-14,2025-12-31,7,688627,精智达,6.23%,260.00,"58,133.40"
14,025208,永赢先锋半导体智选混合发起A,混合型,41.69,2026-04-14,2025-12-31,8,688233,神工股份,6.01%,800.00,"56,024.00"
14,025208,永赢先锋半导体智选混合发起A,混合型,41.69,2026-04-14,2025-12-31,9,688228,开普云,5.84%,280.00,"54,490.80"
14,025208,永赢先锋半导体智选混合发起A,混合型,41.69,2026-04-14,2025-12-31,10,688008,澜起科技,4.80%,380.00,"44,764.00"
14,025208,永赢先锋半导体智选混合发起A,混合型,41.69,2026-04-14,2025-12-31,11,688766,普冉股份,4.77%,350.00,"44,523.50"
14,025208,永赢先锋半导体智选混合发起A,混合型,41.69,2026-04-14,2025-12-31,12,688123,聚辰股份,4.04%,300.00,"37,674.00"
14,025208,永赢先锋半导体智选混合发起A,混合型,41.69,2026-04-14,2025-12-31,13,300302,同有科技,2.53%,"1,300.00","23,582.00"
14,025208,永赢先锋半导体智选混合发起A,混合型,41.69,2026-04-14,2025-12-31,14,605178,时空科技,2.00%,360.00,"18,644.40"
14,025208,永赢先锋半导体智选混合发起A,混合型,41.69,2026-04-14,2025-12-31,15,300042,朗科科技,1.93%,700.00,"17,990.00"
15,011891,易方达先锋成长混合A,混合型,41.63,2026-04-14,2025-12-31,1,300308,中际旭创,9.71%,35.58,"21,702.89"
15,011891,易方达先锋成长混合A,混合型,41.63,2026-04-14,2025-12-31,2,300502,新易盛,9.32%,48.35,"20,834.00"
15,011891,易方达先锋成长混合A,混合型,41.63,2026-04-14,2025-12-31,3,002837,英维克,8.63%,180.40,"19,283.18"
15,011891,易方达先锋成长混合A,混合型,41.63,2026-04-14,2025-12-31,4,300394,天孚通信,6.83%,75.21,"15,270.19"
15,011891,易方达先锋成长混合A,混合型,41.63,2026-04-14,2025-12-31,5,688313,仕佳光子,6.11%,153.84,"13,658.00"
15,011891,易方达先锋成长混合A,混合型,41.63,2026-04-14,2025-12-31,6,300548,长芯博创,4.92%,77.35,"10,984.23"
15,011891,易方达先锋成长混合A,混合型,41.63,2026-04-14,2025-12-31,7,688498,源杰科技,4.01%,13.95,"8,958.20"
15,011891,易方达先锋成长混合A,混合型,41.63,2026-04-14,2025-12-31,8,002463,沪电股份,3.91%,119.66,"8,743.63"
15,011891,易方达先锋成长混合A,混合型,41.63,2026-04-14,2025-12-31,9,06869,长飞光纤光缆,3.63%,173.65,"8,108.84"
15,011891,易方达先锋成长混合A,混合型,41.63,2026-04-14,2025-12-31,10,688183,生益电子,3.47%,81.05,"7,755.29"
15,011891,易方达先锋成长混合A,混合型,41.63,2026-04-14,2025-12-31,11,601688,华泰证券,3.13%,296.86,"7,002.93"
15,011891,易方达先锋成长混合A,混合型,41.63,2026-04-14,2025-12-31,12,601377,兴业证券,3.11%,936.63,"6,949.79"
15,011891,易方达先锋成长混合A,混合型,41.63,2026-04-14,2025-12-31,13,002916,深南电路,3.09%,29.72,"6,903.66"
15,011891,易方达先锋成长混合A,混合型,41.63,2026-04-14,2025-12-31,14,002736,国信证券,3.03%,516.61,"6,777.92"
15,011891,易方达先锋成长混合A,混合型,41.63,2026-04-14,2025-12-31,15,03908,中金公司,2.86%,361.72,"6,393.77"
15,011891,易方达先锋成长混合A,混合型,41.63,2026-04-14,2025-12-31,16,601211,国泰海通,2.05%,222.49,"4,572.12"
15,011891,易方达先锋成长混合A,混合型,41.63,2026-04-14,2025-12-31,17,600487,亨通光电,2.02%,182.62,"4,516.19"
15,011891,易方达先锋成长混合A,混合型,41.63,2026-04-14,2025-12-31,18,002353,杰瑞股份,2.01%,63.43,"4,492.75"
15,011891,易方达先锋成长混合A,混合型,41.63,2026-04-14,2025-12-31,19,06030,中信证券,1.96%,176.60,"4,370.54"
15,011891,易方达先锋成长混合A,混合型,41.63,2026-04-14,2025-12-31,20,601066,中信建投,1.26%,105.01,"2,811.12"
16,004320,前海开源沪港深乐享生活,混合型,41.56,2026-04-14,2025-12-31,1,300308,中际旭创,9.40%,21.18,"12,919.80"
16,004320,前海开源沪港深乐享生活,混合型,41.56,2026-04-14,2025-12-31,2,300502,新易盛,9.02%,28.77,"12,396.42"
16,004320,前海开源沪港深乐享生活,混合型,41.56,2026-04-14,2025-12-31,3,603083,剑桥科技,8.74%,89.44,"12,018.87"
16,004320,前海开源沪港深乐享生活,混合型,41.56,2026-04-14,2025-12-31,4,300570,太辰光,8.61%,102.46,"11,839.25"
16,004320,前海开源沪港深乐享生活,混合型,41.56,2026-04-14,2025-12-31,5,603306,华懋科技,8.58%,187.10,"11,789.17"
16,004320,前海开源沪港深乐享生活,混合型,41.56,2026-04-14,2025-12-31,6,002384,东山精密,8.54%,138.73,"11,743.49"
16,004320,前海开源沪港深乐享生活,混合型,41.56,2026-04-14,2025-12-31,7,002837,英维克,8.41%,108.18,"11,563.36"
16,004320,前海开源沪港深乐享生活,混合型,41.56,2026-04-14,2025-12-31,8,688668,鼎通科技,8.14%,90.23,"11,188.81"
16,004320,前海开源沪港深乐享生活,混合型,41.56,2026-04-14,2025-12-31,9,002222,福晶科技,7.91%,192.86,"10,865.73"
16,004320,前海开源沪港深乐享生活,混合型,41.56,2026-04-14,2025-12-31,10,688498,源杰科技,6.93%,14.84,"9,527.32"
16,004320,前海开源沪港深乐享生活,混合型,41.56,2026-04-14,2025-12-31,11,688313,仕佳光子,5.45%,84.33,"7,486.68"
16,004320,前海开源沪港深乐享生活,混合型,41.56,2026-04-14,2025-12-31,12,300394,天孚通信,4.76%,32.24,"6,545.02"
17,010115,易方达远见成长混合A,混合型,41.4,2026-04-14,2025-12-31,1,300308,中际旭创,9.66%,48.44,"29,548.77"
17,010115,易方达远见成长混合A,混合型,41.4,2026-04-14,2025-12-31,2,300502,新易盛,9.37%,66.56,"28,681.10"
17,010115,易方达远见成长混合A,混合型,41.4,2026-04-14,2025-12-31,3,002837,英维克,8.63%,247.05,"26,407.16"
17,010115,易方达远见成长混合A,混合型,41.4,2026-04-14,2025-12-31,4,300394,天孚通信,6.73%,101.38,"20,583.77"
17,010115,易方达远见成长混合A,混合型,41.4,2026-04-14,2025-12-31,5,688313,仕佳光子,6.21%,214.07,"19,004.79"
17,010115,易方达远见成长混合A,混合型,41.4,2026-04-14,2025-12-31,6,300548,长芯博创,4.83%,104.05,"14,775.31"
17,010115,易方达远见成长混合A,混合型,41.4,2026-04-14,2025-12-31,7,688498,源杰科技,4.15%,19.77,"12,692.53"
17,010115,易方达远见成长混合A,混合型,41.4,2026-04-14,2025-12-31,8,002463,沪电股份,4.04%,169.22,"12,365.09"
17,010115,易方达远见成长混合A,混合型,41.4,2026-04-14,2025-12-31,9,06869,长飞光纤光缆,3.65%,239.40,"11,179.14"
17,010115,易方达远见成长混合A,混合型,41.4,2026-04-14,2025-12-31,10,688183,生益电子,3.59%,114.66,"10,971.62"
17,010115,易方达远见成长混合A,混合型,41.4,2026-04-14,2025-12-31,11,002916,深南电路,3.09%,40.74,"9,463.80"
17,010115,易方达远见成长混合A,混合型,41.4,2026-04-14,2025-12-31,12,601688,华泰证券,3.09%,401.09,"9,461.71"
17,010115,易方达远见成长混合A,混合型,41.4,2026-04-14,2025-12-31,13,03908,中金公司,2.96%,511.56,"9,042.34"
17,010115,易方达远见成长混合A,混合型,41.4,2026-04-14,2025-12-31,14,601377,兴业证券,2.94%,"1,214.43","9,011.10"
17,010115,易方达远见成长混合A,混合型,41.4,2026-04-14,2025-12-31,15,002736,国信证券,2.88%,672.43,"8,822.27"
17,010115,易方达远见成长混合A,混合型,41.4,2026-04-14,2025-12-31,16,600487,亨通光电,2.06%,255.01,"6,306.40"
17,010115,易方达远见成长混合A,混合型,41.4,2026-04-14,2025-12-31,17,002353,杰瑞股份,1.95%,84.33,"5,973.12"
17,010115,易方达远见成长混合A,混合型,41.4,2026-04-14,2025-12-31,18,601211,国泰海通,1.92%,285.98,"5,876.89"
17,010115,易方达远见成长混合A,混合型,41.4,2026-04-14,2025-12-31,19,06030,中信证券,1.87%,231.40,"5,726.74"
17,010115,易方达远见成长混合A,混合型,41.4,2026-04-14,2025-12-31,20,601066,中信建投,1.28%,146.45,"3,920.47"
18,501201,红土创新科技创新股票(LOF)A,股票型,40.85,2026-04-14,2025-12-31,1,300502,新易盛,9.60%,2.02,870.38
18,501201,红土创新科技创新股票(LOF)A,股票型,40.85,2026-04-14,2025-12-31,2,300308,中际旭创,9.56%,1.42,866.20
18,501201,红土创新科技创新股票(LOF)A,股票型,40.85,2026-04-14,2025-12-31,3,688498,源杰科技,8.75%,1.23,792.79
18,501201,红土创新科技创新股票(LOF)A,股票型,40.85,2026-04-14,2025-12-31,4,300394,天孚通信,6.71%,2.99,607.87
18,501201,红土创新科技创新股票(LOF)A,股票型,40.85,2026-04-14,2025-12-31,5,600105,永鼎股份,6.20%,22.40,562.24
18,501201,红土创新科技创新股票(LOF)A,股票型,40.85,2026-04-14,2025-12-31,6,601138,工业富联,5.55%,8.11,503.23
18,501201,红土创新科技创新股票(LOF)A,股票型,40.85,2026-04-14,2025-12-31,7,300476,胜宏科技,4.70%,1.48,425.62
18,501201,红土创新科技创新股票(LOF)A,股票型,40.85,2026-04-14,2025-12-31,8,603083,剑桥科技,4.64%,3.13,420.61
18,501201,红土创新科技创新股票(LOF)A,股票型,40.85,2026-04-14,2025-12-31,9,300548,长芯博创,4.21%,2.69,381.98
18,501201,红土创新科技创新股票(LOF)A,股票型,40.85,2026-04-14,2025-12-31,10,688048,长光华芯,4.13%,2.98,374.07
18,501201,红土创新科技创新股票(LOF)A,股票型,40.85,2026-04-14,2025-12-31,11,688313,仕佳光子,3.79%,3.87,343.84
18,501201,红土创新科技创新股票(LOF)A,股票型,40.85,2026-04-14,2025-12-31,12,601231,环旭电子,3.16%,9.56,286.80
18,501201,红土创新科技创新股票(LOF)A,股票型,40.85,2026-04-14,2025-12-31,13,301486,致尚科技,2.96%,2.16,267.95
18,501201,红土创新科技创新股票(LOF)A,股票型,40.85,2026-04-14,2025-12-31,14,002463,沪电股份,2.91%,3.61,263.78
18,501201,红土创新科技创新股票(LOF)A,股票型,40.85,2026-04-14,2025-12-31,15,688041,海光信息,2.79%,1.13,253.00
18,501201,红土创新科技创新股票(LOF)A,股票型,40.85,2026-04-14,2025-12-31,16,301200,大族数控,2.77%,2.11,250.60
18,501201,红土创新科技创新股票(LOF)A,股票型,40.85,2026-04-14,2025-12-31,17,000657,中钨高新,2.38%,7.78,215.58
18,501201,红土创新科技创新股票(LOF)A,股票型,40.85,2026-04-14,2025-12-31,18,688256,寒武纪,2.21%,0.15,200.35
18,501201,红土创新科技创新股票(LOF)A,股票型,40.85,2026-04-14,2025-12-31,19,300726,宏达电子,2.10%,3.74,190.40
18,501201,红土创新科技创新股票(LOF)A,股票型,40.85,2026-04-14,2025-12-31,20,688630,芯碁微装,1.99%,1.34,180.70
19,018358,华富数字经济混合A,混合型,40.79,2026-04-14,2025-12-31,1,688041,海光信息,7.83%,2.00,448.82
19,018358,华富数字经济混合A,混合型,40.79,2026-04-14,2025-12-31,2,688256,寒武纪,6.39%,0.27,366.00
19,018358,华富数字经济混合A,混合型,40.79,2026-04-14,2025-12-31,3,00981,中芯国际,5.07%,4.50,290.41
19,018358,华富数字经济混合A,混合型,40.79,2026-04-14,2025-12-31,4,300394,天孚通信,4.61%,1.30,263.94
19,018358,华富数字经济混合A,混合型,40.79,2026-04-14,2025-12-31,5,300308,中际旭创,4.26%,0.40,244.00
19,018358,华富数字经济混合A,混合型,40.79,2026-04-14,2025-12-31,6,300502,新易盛,3.76%,0.50,215.44
19,018358,华富数字经济混合A,混合型,40.79,2026-04-14,2025-12-31,7,301486,致尚科技,3.68%,1.70,210.89
19,018358,华富数字经济混合A,混合型,40.79,2026-04-14,2025-12-31,8,09988,阿里巴巴-W,3.44%,1.53,197.34
19,018358,华富数字经济混合A,混合型,40.79,2026-04-14,2025-12-31,9,688802,沐曦股份,3.44%,0.34,197.23
19,018358,华富数字经济混合A,混合型,40.79,2026-04-14,2025-12-31,10,002364,中恒电气,3.37%,7.30,193.01
19,018358,华富数字经济混合A,混合型,40.79,2026-04-14,2025-12-31,11,600183,生益科技,3.24%,2.60,185.67
19,018358,华富数字经济混合A,混合型,40.79,2026-04-14,2025-12-31,12,301396,宏景科技,3.12%,2.70,179.01
19,018358,华富数字经济混合A,混合型,40.79,2026-04-14,2025-12-31,13,002837,英维克,2.98%,1.60,171.02
19,018358,华富数字经济混合A,混合型,40.79,2026-04-14,2025-12-31,14,300548,长芯博创,2.95%,1.19,168.98
19,018358,华富数字经济混合A,混合型,40.79,2026-04-14,2025-12-31,15,002922,伊戈尔,2.89%,5.40,165.35
19,018358,华富数字经济混合A,混合型,40.79,2026-04-14,2025-12-31,16,688629,华丰科技,2.79%,1.60,160.10
19,018358,华富数字经济混合A,混合型,40.79,2026-04-14,2025-12-31,17,688205,德科立,2.69%,1.12,153.98
19,018358,华富数字经济混合A,混合型,40.79,2026-04-14,2025-12-31,18,603228,景旺电子,2.55%,2.00,146.18
19,018358,华富数字经济混合A,混合型,40.79,2026-04-14,2025-12-31,19,688292,浩瀚深度,2.53%,5.00,144.93
19,018358,华富数字经济混合A,混合型,40.79,2026-04-14,2025-12-31,20,300118,东方日升,2.33%,9.10,133.41
20,018210,红土创新景气回报混合A,混合型,38.97,2026-04-14,2025-12-31,1,300308,中际旭创,9.32%,2.53,"1,543.30"
20,018210,红土创新景气回报混合A,混合型,38.97,2026-04-14,2025-12-31,2,300502,新易盛,9.08%,3.49,"1,503.77"
20,018210,红土创新景气回报混合A,混合型,38.97,2026-04-14,2025-12-31,3,688498,源杰科技,6.01%,1.55,995.79
20,018210,红土创新景气回报混合A,混合型,38.97,2026-04-14,2025-12-31,4,601138,工业富联,5.40%,14.42,894.76
20,018210,红土创新景气回报混合A,混合型,38.97,2026-04-14,2025-12-31,5,600105,永鼎股份,4.61%,30.43,763.79
20,018210,红土创新景气回报混合A,混合型,38.97,2026-04-14,2025-12-31,6,300394,天孚通信,4.54%,3.70,751.21
20,018210,红土创新景气回报混合A,混合型,38.97,2026-04-14,2025-12-31,7,603083,剑桥科技,4.04%,4.98,669.21
20,018210,红土创新景气回报混合A,混合型,38.97,2026-04-14,2025-12-31,8,300548,长芯博创,3.89%,4.54,644.68
20,018210,红土创新景气回报混合A,混合型,38.97,2026-04-14,2025-12-31,9,688313,仕佳光子,3.67%,6.84,607.18
20,018210,红土创新景气回报混合A,混合型,38.97,2026-04-14,2025-12-31,10,301486,致尚科技,3.55%,4.74,588.00
20,018210,红土创新景气回报混合A,混合型,38.97,2026-04-14,2025-12-31,11,601231,环旭电子,3.40%,18.74,562.20
20,018210,红土创新景气回报混合A,混合型,38.97,2026-04-14,2025-12-31,12,000657,中钨高新,2.68%,16.04,444.47
20,018210,红土创新景气回报混合A,混合型,38.97,2026-04-14,2025-12-31,13,300476,胜宏科技,2.48%,1.43,411.24
20,018210,红土创新景气回报混合A,混合型,38.97,2026-04-14,2025-12-31,14,688041,海光信息,2.28%,1.68,376.72
20,018210,红土创新景气回报混合A,混合型,38.97,2026-04-14,2025-12-31,15,002463,沪电股份,2.12%,4.81,351.47
20,018210,红土创新景气回报混合A,混合型,38.97,2026-04-14,2025-12-31,16,688256,寒武纪,1.99%,0.24,329.13
20,018210,红土创新景气回报混合A,混合型,38.97,2026-04-14,2025-12-31,17,002796,世嘉科技,0.96%,5.75,159.45
20,018210,红土创新景气回报混合A,混合型,38.97,2026-04-14,2025-12-31,18,688630,芯碁微装,0.51%,0.62,83.84
20,018210,红土创新景气回报混合A,混合型,38.97,2026-04-14,2025-12-31,19,605090,九丰能源,0.50%,1.92,82.75
20,018210,红土创新景气回报混合A,混合型,38.97,2026-04-14,2025-12-31,20,301687,新广益,0.01%,0.02,1.06
