trade_date,code,name,day_chg_pct,day_amount_yi,market_cap_yi,next_trade_date,next_day_chg_pct
2026-03-02,000930,中粮科技,5.0222,5.8953,125.4955,2026-03-03,1.4065
2026-03-02,688270,臻镭科技,5.0741,3448.9770,322.7898,2026-03-03,-13.6081
2026-03-02,601020,华钰矿业,5.1136,33.1593,230.8201,2026-03-03,-7.5430
2026-03-02,000786,北新建材,5.3233,11.5003,448.7094,2026-03-03,-1.6282
2026-03-02,000811,冰轮环境,5.3405,12.8593,171.8972,2026-03-03,-6.7442
2026-03-02,600967,内蒙一机,5.4179,15.4050,252.3761,2026-03-03,-5.3581
2026-03-02,600598,北大荒,5.4726,13.7149,297.7614,2026-03-03,-0.9434
2026-03-02,002149,西部材料,5.7198,64.6484,268.4690,2026-03-03,-10.0036
2026-03-02,301050,雷电微力,5.7953,14.9502,114.9537,2026-03-03,-7.7304
2026-03-02,688195,腾景科技,5.8098,1790.6294,343.4113,2026-03-03,1.5582
2026-03-02,001896,豫能控股,5.9970,34.8487,219.4074,2026-03-03,-6.0820
2026-03-02,002465,海格通信,6.0589,71.6183,375.2533,2026-03-03,-9.6636
2026-03-02,002851,麦格米特,6.1136,39.4711,560.5034,2026-03-03,-4.0073
2026-03-02,601233,桐昆股份,6.1342,13.6117,426.5550,2026-03-03,-6.9046
2026-03-02,603530,神马电力,6.1492,12.8708,242.8657,2026-03-03,-4.3369
2026-03-02,600188,兖矿能源,6.3770,27.3744,1950.2825,2026-03-03,8.7533
2026-03-02,002911,佛燃能源,6.3900,2.9404,188.3970,2026-03-03,10.0310
2026-03-02,002384,东山精密,6.4056,80.6461,1850.4731,2026-03-03,4.2294
2026-03-02,000791,甘肃能源,6.4851,13.1841,249.7757,2026-03-03,-3.0451
2026-03-02,002353,杰瑞股份,6.5831,40.5621,990.5805,2026-03-03,-1.6161
2026-03-02,002796,世嘉科技,6.7469,12.6686,114.8270,2026-03-03,-5.8192
2026-03-02,600549,厦门钨业,6.7712,76.7863,881.1101,2026-03-03,0.9079
2026-03-02,300308,中际旭创,6.8502,281.3547,6229.5961,2026-03-03,-1.1883
2026-03-02,603162,海通发展,7.0106,6.9952,122.8601,2026-03-03,-6.0569
2026-03-02,688543,国科军工,7.1664,1458.1979,139.7780,2026-03-03,2.3091
2026-03-02,601126,四方股份,7.4570,15.6744,360.4291,2026-03-03,-3.8438
2026-03-02,601606,长城军工,7.4653,35.1311,297.2958,2026-03-03,-5.0889
2026-03-02,688097,博众精工,7.4890,937.7035,234.5347,2026-03-03,-7.7869
2026-03-02,002246,北化股份,7.5259,16.4500,137.6979,2026-03-03,-3.8058
2026-03-02,601958,金钼股份,7.9494,28.1607,596.9218,2026-03-03,-4.3051
2026-03-02,002378,章源钨业,8.2266,64.4021,374.9625,2026-03-03,-5.2572
2026-03-02,688568,中科星图,8.2632,3465.0926,500.7665,2026-03-03,-2.1944
2026-03-02,002237,恒邦股份,8.4127,28.1689,213.2086,2026-03-03,-8.8336
2026-03-02,000833,粤桂股份,8.4390,21.7020,207.0174,2026-03-03,3.1048
2026-03-02,000603,盛达资源,8.7885,35.4588,268.6051,2026-03-03,-10.0053
2026-03-02,301357,北方长龙,8.8704,12.4846,111.3650,2026-03-03,-4.9818
2026-03-02,301500,飞南资源,8.8930,10.5810,108.8501,2026-03-03,9.3577
2026-03-02,600961,株冶集团,9.0566,17.3691,185.4997,2026-03-03,-9.9962
2026-03-02,601898,中煤能源,9.0969,19.9809,2287.1194,2026-03-03,5.7402
2026-03-02,600118,中国卫星,9.2605,121.2034,977.9185,2026-03-03,-8.1262
2026-03-02,300693,盛弘股份,9.5476,20.8112,134.9714,2026-03-03,-3.2384
2026-03-02,600871,石化油服,9.9688,8.4018,542.1715,2026-03-03,9.9150
2026-03-02,000035,中国天楹,9.9857,9.6624,163.1026,2026-03-03,-4.4099
2026-03-02,600583,海油工程,9.9861,20.9923,289.5987,2026-03-03,9.9622
2026-03-02,600989,宝丰能源,9.9875,61.5695,2130.3411,2026-03-03,8.3207
2026-03-02,002389,航天彩虹,9.9876,33.7938,217.3710,2026-03-03,-1.4695
2026-03-02,603011,合锻智能,9.9961,20.7244,102.5910,2026-03-03,-6.2588
2026-03-02,603629,利通电子,9.9966,28.6009,167.2552,2026-03-03,-9.7406
2026-03-02,603083,剑桥科技,10.0000,54.1223,357.5522,2026-03-03,-2.9277
2026-03-02,601212,白银有色,10.0000,61.1736,601.2677,2026-03-03,-9.7706
2026-03-02,002155,湖南黄金,10.0000,110.0205,470.8268,2026-03-03,-1.9050
2026-03-02,000506,招金黄金,10.0000,26.1403,157.5614,2026-03-03,-3.2691
2026-03-02,600259,中稀有色,10.0020,31.6998,264.7414,2026-03-03,-10.0009
2026-03-02,001337,四川黄金,10.0059,25.3861,208.3200,2026-03-03,1.8837
2026-03-02,002842,翔鹭钨业,10.0096,32.7147,106.1020,2026-03-03,-4.4619
2026-03-02,600236,桂冠电力,10.0112,2.5123,738.5788,2026-03-03,0.8180
2026-03-02,600452,涪陵电力,10.0151,12.2397,174.3975,2026-03-03,-6.7762
2026-03-02,600435,北方导航,10.0292,32.7581,222.7703,2026-03-03,-6.0943
2026-03-02,600256,广汇能源,10.0340,49.1992,430.8210,2026-03-03,10.0464
2026-03-02,601857,中国石油,10.0368,104.5909,22511.5803,2026-03-03,10.0418
2026-03-02,600688,上海石化,10.0946,8.7620,305.7359,2026-03-03,10.0287
2026-03-03,688063,派能科技,5.6896,1617.3624,185.7615,2026-03-04,-0.4450
2026-03-03,601898,中煤能源,5.7402,26.0959,2287.1194,2026-03-04,-1.7143
2026-03-03,605090,九丰能源,5.7986,29.4777,275.1402,2026-03-04,-5.5769
2026-03-03,688390,固德威,7.8171,2262.6398,234.4335,2026-03-04,-0.6610
2026-03-03,600989,宝丰能源,8.3207,92.5184,2130.3411,2026-03-04,-5.4718
2026-03-03,600188,兖矿能源,8.7533,39.4987,1950.2825,2026-03-04,-4.8780
2026-03-03,301500,飞南资源,9.3577,14.6431,108.8501,2026-03-04,5.0175
2026-03-03,600956,新天绿能,9.7100,5.3563,390.7992,2026-03-04,-5.7471
2026-03-03,600428,中远海特,9.7993,20.4599,249.6968,2026-03-04,-10.0000
2026-03-03,600871,石化油服,9.9150,1.7785,542.1715,2026-03-04,10.0515
2026-03-03,600583,海油工程,9.9622,33.9292,289.5987,2026-03-04,-6.3073
2026-03-03,601022,宁波远洋,9.9804,8.7934,118.3005,2026-03-04,-8.8078
2026-03-03,600688,上海石化,10.0287,21.1547,305.7359,2026-03-04,-6.2500
2026-03-03,002911,佛燃能源,10.0310,6.6693,188.3970,2026-03-04,-10.0169
2026-03-03,000301,东方盛虹,10.0377,12.7330,704.7572,2026-03-04,-5.9671
2026-03-03,601857,中国石油,10.0418,120.6470,22511.5803,2026-03-04,0.6844
2026-03-03,600256,广汇能源,10.0464,69.9202,430.8210,2026-03-04,-3.3708
2026-03-03,600403,大有能源,10.0559,12.5776,140.8189,2026-03-04,-7.8680
2026-03-04,301500,飞南资源,5.0175,12.2969,108.8501,2026-03-05,-6.6667
2026-03-04,300766,每日互动,5.0195,17.7376,144.7942,2026-03-05,-2.8538
2026-03-04,600435,北方导航,5.0790,23.2156,222.7703,2026-03-05,-1.1278
2026-03-04,002121,科陆电子,5.1366,12.3697,131.3706,2026-03-05,0.3119
2026-03-04,300323,华灿光电,5.1724,4.1655,155.6456,2026-03-05,20.0234
2026-03-04,600595,中孚实业,5.3241,16.3934,290.9739,2026-03-05,0.8791
2026-03-04,002842,翔鹭钨业,5.4258,34.7485,106.1020,2026-03-05,-9.1857
2026-03-04,300782,卓胜微,5.5128,17.1242,435.3368,2026-03-05,0.5711
2026-03-04,300900,广联航空,5.5171,12.6004,125.8774,2026-03-05,0.2627
2026-03-04,000949,新乡化纤,5.6851,7.4225,107.2014,2026-03-05,-1.9310
2026-03-04,600482,中国动力,5.7319,19.0756,716.5390,2026-03-05,4.0222
2026-03-04,002897,意华股份,5.7407,19.3779,112.8773,2026-03-05,1.8681
2026-03-04,688766,普冉股份,6.1895,1896.4762,331.6152,2026-03-05,2.2578
2026-03-04,000902,新洋丰,6.2570,6.8809,196.9932,2026-03-05,-3.2072
2026-03-04,001896,豫能控股,7.3795,36.6978,219.4074,2026-03-05,1.2623
2026-03-04,688543,国科军工,7.6190,1845.2413,139.7780,2026-03-05,-1.1153
2026-03-04,600550,保变电气,7.7399,36.7572,277.7025,2026-03-05,9.3678
2026-03-04,600219,南山铝业,7.7778,43.1468,708.5444,2026-03-05,0.0000
2026-03-04,002378,章源钨业,8.0471,70.5656,374.9625,2026-03-05,-7.0698
2026-03-04,002246,北化股份,9.6407,21.7110,137.6979,2026-03-05,-1.2028
2026-03-04,601096,宏盛华源,9.9825,10.3385,150.8787,2026-03-05,3.9809
2026-03-04,603530,神马电力,10.0000,10.4262,242.8657,2026-03-05,6.3532
2026-03-04,603175,超颖电子,10.0000,5.0360,342.6310,2026-03-05,-0.8162
2026-03-04,002498,汉缆股份,10.0135,18.8890,287.4352,2026-03-05,9.9631
2026-03-04,002389,航天彩虹,10.0191,41.1346,217.3710,2026-03-05,1.8422
2026-03-04,600236,桂冠电力,10.0406,4.6074,738.5788,2026-03-05,7.0968
2026-03-04,600871,石化油服,10.0515,53.4016,542.1715,2026-03-05,-6.5574
2026-03-04,600821,金开新能,10.0699,22.8323,179.4200,2026-03-05,-0.6353
2026-03-04,688578,艾力斯,11.1667,1404.2458,439.0650,2026-03-05,-3.6082
2026-03-04,301308,江波龙,14.8688,81.0683,1232.2033,2026-03-05,-1.8842
2026-03-05,000100,TCL科技,5.0633,39.4544,890.2769,2026-03-06,-2.8112
2026-03-05,603011,合锻智能,5.2571,15.9946,102.5910,2026-03-06,-2.2968
2026-03-05,002217,合力泰,5.3763,5.3763,177.2618,2026-03-06,-8.1633
2026-03-05,000050,深天马A,5.4348,4.8198,195.8825,2026-03-06,-3.1959
2026-03-05,300776,帝尔激光,5.4635,9.4686,201.3374,2026-03-06,-4.7155
2026-03-05,000534,万泽股份,5.5165,10.4690,179.9216,2026-03-06,10.0027
2026-03-05,600707,彩虹股份,5.6250,4.3067,202.0263,2026-03-06,-4.1420
2026-03-05,000338,潍柴动力,5.6397,43.8102,2097.9452,2026-03-06,0.8957
2026-03-05,688802,沐曦股份,5.6598,1124.9724,2396.5990,2026-03-06,-0.6626
2026-03-05,688585,上纬新材,5.7985,412.1846,466.4475,2026-03-06,8.2739
2026-03-05,600686,金龙汽车,5.8240,3.3709,131.6499,2026-03-06,-0.7026
2026-03-05,600835,上海机电,5.8922,4.9481,226.2299,2026-03-06,-0.7893
2026-03-05,600021,上海电力,6.1293,29.2573,519.1072,2026-03-06,-1.0914
2026-03-05,002979,雷赛智能,6.1983,3.0762,111.5200,2026-03-06,-1.6861
2026-03-05,002366,融发核电,6.2176,14.3861,154.8218,2026-03-06,-1.4634
2026-03-05,300088,长信科技,6.3091,12.5883,147.3663,2026-03-06,-1.4837
2026-03-05,600452,涪陵电力,6.3142,19.6717,174.3975,2026-03-06,7.3895
2026-03-05,603530,神马电力,6.3532,16.5937,242.8657,2026-03-06,-0.3917
2026-03-05,000400,许继电气,6.6625,32.1231,279.3062,2026-03-06,-0.4440
2026-03-05,002353,杰瑞股份,6.7468,34.3406,990.5805,2026-03-06,-0.7374
2026-03-05,002126,银轮股份,7.0340,17.3883,354.7751,2026-03-06,5.9087
2026-03-05,300201,海伦哲,7.0346,7.7702,108.8758,2026-03-06,2.5278
2026-03-05,600236,桂冠电力,7.0968,9.1007,738.5788,2026-03-06,-5.7659
2026-03-05,601126,四方股份,7.5639,18.5910,360.4291,2026-03-06,1.4562
2026-03-05,600172,黄河旋风,7.6087,28.7703,113.4999,2026-03-06,-3.4343
2026-03-05,002756,永兴材料,7.9340,18.5267,407.4529,2026-03-06,0.2620
2026-03-05,002046,国机精工,7.9677,17.9000,236.5674,2026-03-06,-0.2108
2026-03-05,300520,科大国创,8.0825,21.5289,102.1817,2026-03-06,-2.9194
2026-03-05,600312,平高电气,8.0927,20.4540,276.2692,2026-03-06,1.2546
2026-03-05,600775,南京熊猫,8.2596,15.3691,122.5457,2026-03-06,1.1580
2026-03-05,688125,安达智能,8.7145,300.5248,173.9436,2026-03-06,0.3865
2026-03-05,600550,保变电气,9.3678,52.0866,277.7025,2026-03-06,-1.6816
2026-03-05,600666,奥瑞德,9.9448,5.9357,158.7585,2026-03-06,1.0050
2026-03-05,002498,汉缆股份,9.9631,5.7628,287.4352,2026-03-06,9.9553
2026-03-05,002796,世嘉科技,9.9981,11.5011,114.8270,2026-03-06,4.3266
2026-03-05,000703,恒逸石化,10.0000,11.2578,433.3954,2026-03-06,-1.0695
2026-03-05,002456,欧菲光,10.0112,15.2152,291.1399,2026-03-06,-2.4540
2026-03-05,000555,神州信息,10.0122,7.0858,150.3668,2026-03-06,1.7203
2026-03-05,300102,乾照光电,11.3225,42.9976,301.9615,2026-03-06,-4.3124
2026-03-05,300296,利亚德,12.4231,49.1222,195.5336,2026-03-06,-6.4551
2026-03-05,688001,华兴源创,14.7459,441.2758,135.9694,2026-03-06,-4.8915
2026-03-05,300323,华灿光电,20.0234,5.5954,155.6456,2026-03-06,16.4878
2026-03-06,002157,正邦科技,5.0633,10.3188,282.1300,2026-03-09,0.9036
2026-03-06,603363,傲农生物,5.0725,5.3739,101.7758,2026-03-09,1.3793
2026-03-06,000581,威孚高科,5.0833,10.7485,197.2243,2026-03-09,-1.4671
2026-03-06,000061,农产品,5.0905,2.1087,146.4901,2026-03-09,-1.3994
2026-03-06,000035,中国天楹,5.1075,21.9817,163.1026,2026-03-09,-1.0230
2026-03-06,300304,云意电气,5.1211,6.4926,113.8074,2026-03-09,-3.1600
2026-03-06,301127,武汉天源,5.1810,2.4518,105.2225,2026-03-09,0.7715
2026-03-06,301090,华润材料,5.2069,1.5552,112.4961,2026-03-09,2.2843
2026-03-06,300376,易事特,5.2270,5.6019,144.8166,2026-03-09,5.7516
2026-03-06,300085,银之杰,5.2850,11.7736,268.4527,2026-03-09,0.8147
2026-03-06,600989,宝丰能源,5.2961,62.2644,2130.3411,2026-03-09,7.0206
2026-03-06,688691,灿芯股份,5.3245,691.9609,107.3160,2026-03-09,-5.1738
2026-03-06,300766,每日互动,5.4932,19.8355,144.7942,2026-03-09,-1.2452
2026-03-06,688068,热景生物,5.5367,392.8962,114.1420,2026-03-09,-1.1194
2026-03-06,688266,泽璟制药,5.7408,370.4242,263.3052,2026-03-09,-2.6050
2026-03-06,688195,腾景科技,5.8651,2228.3193,343.4113,2026-03-09,-4.8118
2026-03-06,002126,银轮股份,5.9087,22.0190,354.7751,2026-03-09,-4.1981
2026-03-06,002588,史丹利,5.9546,3.5990,119.3360,2026-03-09,-0.4460
2026-03-06,600873,梅花生物,5.9928,9.3627,322.7682,2026-03-09,-0.0844
2026-03-06,002993,奥海科技,6.0379,3.0866,127.8893,2026-03-09,-5.3824
2026-03-06,688712,北芯生命,6.1219,202.5973,159.2940,2026-03-09,-2.6837
2026-03-06,300773,拉卡拉,6.6106,22.5712,180.6523,2026-03-09,5.6631
2026-03-06,002408,齐翔腾达,6.6890,5.9032,168.5811,2026-03-09,-0.7837
2026-03-06,002378,章源钨业,6.9378,62.3461,374.9625,2026-03-09,0.4698
2026-03-06,600389,江山股份,7.2056,7.0745,124.1995,2026-03-09,-3.7049
2026-03-06,600452,涪陵电力,7.3895,17.5268,174.3975,2026-03-09,4.9518
2026-03-06,688172,燕东微,7.4804,861.8388,547.3488,2026-03-09,-2.2362
2026-03-06,000930,中粮科技,7.6246,6.7204,125.4955,2026-03-09,2.7248
2026-03-06,002422,科伦药业,7.9260,7.9608,555.1637,2026-03-09,-2.3868
2026-03-06,688585,上纬新材,8.2739,882.2418,466.4475,2026-03-09,-3.7354
2026-03-06,002364,中恒电气,8.6533,29.6602,148.7811,2026-03-09,-1.5143
2026-03-06,601868,中国能建,9.8859,58.5894,1217.3820,2026-03-09,1.7301
2026-03-06,002498,汉缆股份,9.9553,32.6141,287.4352,2026-03-09,1.3225
2026-03-06,001896,豫能控股,9.9723,37.5418,219.4074,2026-03-09,0.4408
2026-03-06,600821,金开新能,9.9744,11.1259,179.4200,2026-03-09,10.0000
2026-03-06,000833,粤桂股份,9.9875,17.0076,207.0174,2026-03-09,1.2918
2026-03-06,000534,万泽股份,10.0027,8.4566,179.9216,2026-03-09,9.9903
2026-03-06,600482,中国动力,10.0028,18.3790,716.5390,2026-03-09,-4.0754
2026-03-06,301392,汇成真空,10.0476,7.4470,106.8700,2026-03-09,4.9329
2026-03-06,300641,正丹股份,10.8814,5.8539,105.7922,2026-03-09,-2.5025
2026-03-06,301150,中一科技,14.6984,11.2415,129.1880,2026-03-09,-2.7806
2026-03-06,300323,华灿光电,16.4878,41.7038,155.6456,2026-03-09,-1.9263
2026-03-09,601898,中煤能源,5.0202,21.2913,2287.1194,2026-03-10,-7.6923
2026-03-09,600406,国电南瑞,5.0317,66.9884,2103.5169,2026-03-10,-2.2843
2026-03-09,601857,中国石油,5.0407,105.6139,22511.5803,2026-03-10,-7.1981
2026-03-09,600188,兖矿能源,5.1867,31.7890,1950.2825,2026-03-10,-3.9448
2026-03-09,601096,宏盛华源,5.2161,12.3697,150.8787,2026-03-10,-0.7082
2026-03-09,688063,派能科技,5.2405,1306.1538,185.7615,2026-03-10,-1.6222
2026-03-09,300773,拉卡拉,5.6631,44.9900,180.6523,2026-03-10,-1.1872
2026-03-09,300376,易事特,5.7516,9.4068,144.8166,2026-03-10,-2.2250
2026-03-09,601118,海南橡胶,5.7873,13.7123,270.8878,2026-03-10,-0.5089
2026-03-09,600546,山煤国际,5.8020,14.8288,220.2509,2026-03-10,-3.8710
2026-03-09,600673,东阳光,5.8201,83.8614,912.4971,2026-03-10,-2.7250
2026-03-09,002881,美格智能,5.9002,10.1444,114.7021,2026-03-10,0.2857
2026-03-09,688327,云从科技,5.9621,772.3439,132.5188,2026-03-10,0.3197
2026-03-09,300383,光环新网,6.2500,30.4927,309.7252,2026-03-10,2.9096
2026-03-09,300779,惠城环保,6.7638,14.7954,185.0596,2026-03-10,0.1949
2026-03-09,001337,四川黄金,6.8384,23.9540,208.3200,2026-03-10,-6.1726
2026-03-09,600989,宝丰能源,7.0206,97.0695,2130.3411,2026-03-10,-5.5157
2026-03-09,002151,北斗星通,7.2214,39.4383,207.3377,2026-03-10,-1.1820
2026-03-09,600589,大位科技,7.5905,47.3168,161.6806,2026-03-10,0.4102
2026-03-09,688390,固德威,7.6759,1630.9085,234.4335,2026-03-10,-3.7723
2026-03-09,002053,云南能投,7.7879,5.6745,115.4595,2026-03-10,-3.4589
2026-03-09,301308,江波龙,7.8824,81.0428,1232.2033,2026-03-10,1.0269
2026-03-09,600602,云赛智联,9.9802,27.0610,319.3518,2026-03-10,5.0764
2026-03-09,000534,万泽股份,9.9903,19.7939,179.9216,2026-03-10,5.0485
2026-03-09,600821,金开新能,10.0000,7.6031,179.4200,2026-03-10,2.1142
2026-03-09,000066,中国长城,10.0064,38.7853,477.7408,2026-03-10,-1.4484
2026-03-09,002082,万邦德,10.0236,4.9329,177.8792,2026-03-10,4.8767
2026-03-09,300017,网宿科技,12.2129,125.5292,418.1065,2026-03-10,1.7973
2026-03-09,300257,开山股份,13.0830,8.2346,277.7210,2026-03-10,19.9930
2026-03-09,300846,首都在线,14.2467,53.6683,141.6658,2026-03-10,0.5052
2026-03-09,300170,汉得信息,17.7661,70.1551,197.0854,2026-03-10,-0.7468
2026-03-10,688183,生益电子,5.0006,906.9371,698.2307,2026-03-11,-0.9254
2026-03-10,000035,中国天楹,5.0388,19.4820,163.1026,2026-03-11,2.0910
2026-03-10,000534,万泽股份,5.0485,17.9147,179.9216,2026-03-11,-2.6233
2026-03-10,301486,致尚科技,5.0661,12.7966,191.1170,2026-03-11,-1.7500
2026-03-10,600602,云赛智联,5.0764,55.5364,319.3518,2026-03-11,-2.7362
2026-03-10,002782,可立克,5.1447,5.5683,105.3428,2026-03-11,10.0153
2026-03-10,300782,卓胜微,5.1852,18.7233,435.3368,2026-03-11,-1.2324
2026-03-10,002169,智光电气,5.2016,8.2532,111.0657,2026-03-11,-1.6069
2026-03-10,300657,弘信电子,5.2096,21.2882,140.0575,2026-03-11,-1.4064
2026-03-10,600475,华光环能,5.2680,9.6916,167.5808,2026-03-11,-4.8303
2026-03-10,002422,科伦药业,5.4545,8.2090,555.1637,2026-03-11,-1.1593
2026-03-10,300990,同飞股份,5.5375,4.7476,134.2117,2026-03-11,3.3620
2026-03-10,688097,博众精工,5.6256,645.5123,234.5347,2026-03-11,6.1288
2026-03-10,603626,科森科技,5.8172,8.2171,124.3485,2026-03-11,-3.3595
2026-03-10,300395,菲利华,5.9263,40.5650,478.3972,2026-03-11,-0.5022
2026-03-10,002796,世嘉科技,5.9532,15.6941,114.8270,2026-03-11,4.6244
2026-03-10,688279,峰岹科技,5.9747,193.7246,176.0094,2026-03-11,0.2278
2026-03-10,688428,诺诚健华,6.0107,231.1454,477.5127,2026-03-11,-1.7220
2026-03-10,002815,崇达技术,6.0852,8.8436,168.4617,2026-03-11,0.7648
2026-03-10,301031,中熔电气,6.1765,5.2589,135.5375,2026-03-11,0.9893
2026-03-10,002475,立讯精密,6.2151,89.5981,3593.4476,2026-03-11,1.5793
2026-03-10,300118,东方日升,6.3325,23.3222,184.6822,2026-03-11,-0.4467
2026-03-10,301196,唯科科技,6.4838,4.2165,125.3137,2026-03-11,2.2646
2026-03-10,300757,罗博特科,6.5429,33.3150,633.5587,2026-03-11,-2.0069
2026-03-10,300322,硕贝德,6.5513,14.6592,109.3511,2026-03-11,1.7271
2026-03-10,688503,聚和材料,6.5804,1182.0688,202.6548,2026-03-11,-2.1929
2026-03-10,601868,中国能建,6.8027,101.4727,1217.3820,2026-03-11,9.8726
2026-03-10,002931,锋龙股份,7.1054,17.0750,147.8411,2026-03-11,-6.8130
2026-03-10,002851,麦格米特,7.1091,23.4352,560.5034,2026-03-11,-2.7152
2026-03-10,301392,汇成真空,7.1670,9.2738,106.8700,2026-03-11,-0.3386
2026-03-10,300236,上海新阳,7.2015,8.1409,232.0589,2026-03-11,1.9540
2026-03-10,688266,泽璟制药,7.2366,344.4441,263.3052,2026-03-11,-2.8904
2026-03-10,688141,杰华特,7.2837,658.6266,232.9964,2026-03-11,-0.2184
2026-03-10,601231,环旭电子,7.3533,26.1009,789.8381,2026-03-11,-2.3804
2026-03-10,300900,广联航空,7.3689,26.6380,125.8774,2026-03-11,-3.4086
2026-03-10,002706,良信股份,7.4169,16.4174,114.3341,2026-03-11,2.3016
2026-03-10,688818,电科蓝天,7.5395,2768.1033,1076.8928,2026-03-11,0.0000
2026-03-10,300570,太辰光,7.6834,28.6626,241.8901,2026-03-11,-0.1999
2026-03-10,002897,意华股份,7.7993,18.4279,112.8773,2026-03-11,-4.8278
2026-03-10,300620,光库科技,7.9087,29.7622,438.6325,2026-03-11,-0.8464
2026-03-10,603083,剑桥科技,7.9357,50.2746,357.5522,2026-03-11,5.1291
2026-03-10,301128,强瑞技术,8.4570,8.5344,156.6721,2026-03-11,-0.1261
2026-03-10,688195,腾景科技,9.0387,2245.5973,343.4113,2026-03-11,-3.6140
2026-03-10,600376,首开股份,9.9404,7.4971,130.5260,2026-03-11,1.0850
2026-03-10,002993,奥海科技,9.9934,4.3007,127.8893,2026-03-11,0.8986
2026-03-10,002384,东山精密,9.9959,98.6947,1850.4731,2026-03-11,-3.0168
2026-03-10,002281,光迅科技,9.9962,47.7408,676.8816,2026-03-11,6.1862
2026-03-10,601869,长飞光纤,9.9995,39.7536,2483.7153,2026-03-11,7.2544
2026-03-10,601778,晶科科技,10.0000,29.5633,177.4787,2026-03-11,5.1693
2026-03-10,000949,新乡化纤,10.0000,8.0841,107.2014,2026-03-11,1.3175
2026-03-10,600330,天通股份,10.0319,22.6298,190.6890,2026-03-11,6.0976
2026-03-10,600172,黄河旋风,10.0437,21.2085,113.4999,2026-03-11,10.0198
2026-03-10,300953,震裕科技,10.2571,15.8132,305.5463,2026-03-11,3.8995
2026-03-10,300328,宜安科技,10.2990,21.5252,115.7840,2026-03-11,0.0502
2026-03-10,300969,恒帅股份,10.4173,5.0331,138.9392,2026-03-11,-1.0340
2026-03-10,300285,国瓷材料,11.0659,26.8363,308.5864,2026-03-11,3.8441
2026-03-10,688585,上纬新材,14.9717,1248.7044,466.4475,2026-03-11,-4.8529
2026-03-10,300811,铂科新材,17.2273,23.2293,212.8003,2026-03-11,-0.7283
2026-03-10,300257,开山股份,19.9930,13.7632,277.7210,2026-03-11,0.6991
2026-03-11,002407,多氟多,5.0737,33.5785,331.2974,2026-03-12,-0.8809
2026-03-11,600256,广汇能源,5.0822,32.0552,430.8210,2026-03-12,8.5349
2026-03-11,603083,剑桥科技,5.1291,58.6567,357.5522,2026-03-12,-2.8988
2026-03-11,688390,固德威,5.1549,1804.2569,234.4335,2026-03-12,-1.1742
2026-03-11,601778,晶科科技,5.1693,47.0064,177.4787,2026-03-12,4.0678
2026-03-11,300806,斯迪克,5.1845,17.4738,192.4714,2026-03-12,-1.0700
2026-03-11,600163,中闽能源,5.2870,7.4084,142.5344,2026-03-12,0.1435
2026-03-11,688172,燕东微,5.3708,926.0440,547.3488,2026-03-12,1.0194
2026-03-11,000837,秦川机床,5.4530,10.0217,108.0442,2026-03-12,-1.0342
2026-03-11,002532,天山铝业,5.7094,16.5348,808.1776,2026-03-12,4.1711
2026-03-11,000591,太阳能,5.7234,26.0426,218.1990,2026-03-12,0.3008
2026-03-11,600956,新天绿能,5.7811,3.9814,390.7992,2026-03-12,10.0000
2026-03-11,003022,联泓新科,5.7964,5.5272,264.8431,2026-03-12,0.7146
2026-03-11,600869,远东股份,5.8140,17.5076,299.8346,2026-03-12,-6.7308
2026-03-11,002756,永兴材料,5.9033,17.2772,407.4529,2026-03-12,-3.6085
2026-03-11,600032,浙江新能,5.9302,5.0202,243.3531,2026-03-12,1.4270
2026-03-11,600110,诺德股份,5.9432,12.7534,152.5224,2026-03-12,0.2439
2026-03-11,600157,永泰能源,5.9459,46.3583,397.0833,2026-03-12,3.5714
2026-03-11,301293,三博脑科,5.9609,24.3172,135.6012,2026-03-12,3.0917
2026-03-11,001301,尚太科技,6.0575,7.6176,193.5675,2026-03-12,-0.6590
2026-03-11,600330,天通股份,6.0976,45.2383,190.6890,2026-03-12,5.0356
2026-03-11,688097,博众精工,6.1288,999.1043,234.5347,2026-03-12,17.2325
2026-03-11,002281,光迅科技,6.1862,93.8207,676.8816,2026-03-12,8.0118
2026-03-11,601898,中煤能源,6.6071,14.5060,2287.1194,2026-03-12,8.0960
2026-03-11,300641,正丹股份,6.6905,6.9913,105.7922,2026-03-12,-1.6754
2026-03-11,688779,五矿新能,6.7753,911.9043,199.0954,2026-03-12,-1.5261
2026-03-11,301327,华宝新能,6.7859,5.5879,125.7115,2026-03-12,2.5982
2026-03-11,600866,星湖科技,6.8331,7.2272,119.4599,2026-03-12,-1.2300
2026-03-11,600426,华鲁恒升,6.8883,18.6324,767.9566,2026-03-12,2.5877
2026-03-11,300390,天华新能,7.2012,23.9838,485.7400,2026-03-12,0.2929
2026-03-11,301018,申菱环境,7.2334,25.3431,244.2363,2026-03-12,-6.8709
2026-03-11,601869,长飞光纤,7.2544,61.6765,2483.7153,2026-03-12,-2.0039
2026-03-11,300323,华灿光电,7.2926,31.6176,155.6456,2026-03-12,13.9337
2026-03-11,000703,恒逸石化,7.8151,9.8753,433.3954,2026-03-12,-2.7280
2026-03-11,000967,盈峰环境,7.8409,11.2162,270.7737,2026-03-12,-2.0021
2026-03-11,300014,亿纬锂能,7.9232,85.2557,1306.6971,2026-03-12,1.6478
2026-03-11,600389,江山股份,8.1590,6.3901,124.1995,2026-03-12,2.8369
2026-03-11,601868,中国能建,9.8726,65.2918,1217.3820,2026-03-12,10.1449
2026-03-11,600409,三友化工,9.9520,7.3918,143.6787,2026-03-12,-2.0720
2026-03-11,000062,深圳华强,9.9916,9.4957,263.5691,2026-03-12,-1.2214
2026-03-11,000833,粤桂股份,9.9920,14.5113,207.0174,2026-03-12,0.1817
2026-03-11,603629,利通电子,9.9983,32.6255,167.2552,2026-03-12,1.6944
2026-03-11,002831,裕同科技,10.0129,5.4860,295.7610,2026-03-12,0.2642
2026-03-11,002782,可立克,10.0153,6.5978,105.3428,2026-03-12,-6.2196
2026-03-11,600989,宝丰能源,10.0173,69.9262,2130.3411,2026-03-12,5.9027
2026-03-11,600172,黄河旋风,10.0198,28.9562,113.4999,2026-03-12,-1.8034
2026-03-11,600873,梅花生物,10.0262,15.0480,322.7682,2026-03-12,0.6339
2026-03-11,688001,华兴源创,10.8326,600.2430,135.9694,2026-03-12,-3.4348
2026-03-11,301291,明阳电气,12.0006,21.5147,157.9732,2026-03-12,1.8195
2026-03-11,301150,中一科技,14.3333,19.2642,129.1880,2026-03-12,-4.2821
2026-03-12,601225,陕西煤业,5.0354,21.8153,2483.8590,2026-03-13,-1.7228
2026-03-12,600330,天通股份,5.0356,46.0419,190.6890,2026-03-13,-3.9604
2026-03-12,603026,石大胜华,5.0501,14.2191,203.0782,2026-03-13,2.3125
2026-03-12,002019,亿帆医药,5.2632,8.0396,155.3330,2026-03-13,1.7606
2026-03-12,601026,道生天合,5.3478,4.5059,125.8795,2026-03-13,0.6289
2026-03-12,600578,京能电力,5.5556,7.5143,342.7646,2026-03-13,-3.9049
2026-03-12,601600,中国铝业,5.7307,75.4852,1950.5202,2026-03-13,-4.6070
2026-03-12,000422,湖北宜化,5.7671,29.3215,179.9963,2026-03-13,-0.3086
2026-03-12,002366,融发核电,5.8896,23.7299,154.8218,2026-03-13,2.8969
2026-03-12,600989,宝丰能源,5.9027,84.9889,2130.3411,2026-03-13,2.8758
2026-03-12,601699,潞安环能,5.9876,12.8862,413.7119,2026-03-13,-1.2987
2026-03-12,600307,酒钢宏兴,6.8783,8.3406,127.1462,2026-03-13,9.9010
2026-03-12,688166,博瑞医药,7.4369,891.5222,205.2480,2026-03-13,-2.6556
2026-03-12,601118,海南橡胶,7.6129,16.2789,270.8878,2026-03-13,-5.5156
2026-03-12,600236,桂冠电力,7.9317,7.5777,738.5788,2026-03-13,-8.4651
2026-03-12,002281,光迅科技,8.0118,113.4027,676.8816,2026-03-13,-9.9980
2026-03-12,601898,中煤能源,8.0960,22.6285,2287.1194,2026-03-13,-2.7893
2026-03-12,688195,腾景科技,8.2090,2720.2280,343.4113,2026-03-13,-0.0757
2026-03-12,601001,晋控煤业,8.3721,9.9538,268.2941,2026-03-13,-2.6288
2026-03-12,600888,新疆众和,8.4507,21.4311,125.6447,2026-03-13,-5.2947
2026-03-12,600256,广汇能源,8.5349,45.0540,430.8210,2026-03-13,-1.5727
2026-03-12,002498,汉缆股份,9.9576,29.1558,287.4352,2026-03-13,-9.4412
2026-03-12,600956,新天绿能,10.0000,8.8978,390.7992,2026-03-13,1.3742
2026-03-12,600821,金开新能,10.0202,50.9837,179.4200,2026-03-13,-6.6237
2026-03-12,603626,科森科技,10.0226,7.1385,124.3485,2026-03-13,-4.3906
2026-03-12,600188,兖矿能源,10.0248,27.7954,1950.2825,2026-03-13,-1.8042
2026-03-12,000553,安道麦A,10.0324,2.1277,147.2441,2026-03-13,-1.3235
2026-03-12,601991,大唐发电,10.0962,7.8202,740.2684,2026-03-13,3.4934
2026-03-12,601868,中国能建,10.1449,181.8169,1217.3820,2026-03-13,-1.5789
2026-03-12,688063,派能科技,10.2919,2331.7194,185.7615,2026-03-13,-2.4602
2026-03-12,688349,三一重能,11.3797,696.9921,295.3181,2026-03-13,-3.0050
2026-03-12,688106,金宏气体,11.9914,1369.9246,129.0736,2026-03-13,1.7208
2026-03-12,688125,安达智能,12.4931,499.3691,173.9436,2026-03-13,-4.7535
2026-03-12,300323,华灿光电,13.9337,38.2052,155.6456,2026-03-13,-2.5354
2026-03-12,688097,博众精工,17.2325,1826.3789,234.5347,2026-03-13,3.8716
2026-03-13,300201,海伦哲,5.3346,7.7525,108.8758,2026-03-16,-0.4604
2026-03-13,688819,天能股份,6.2481,506.3123,316.0297,2026-03-16,-3.4880
2026-03-13,001301,尚太科技,6.4619,14.7553,193.5675,2026-03-16,-2.3194
2026-03-13,603218,日月股份,7.6277,11.0482,149.8116,2026-03-16,-4.9850
2026-03-13,300641,正丹股份,8.7634,14.1891,105.7922,2026-03-16,0.8505
2026-03-13,600307,酒钢宏兴,9.9010,9.4800,127.1462,2026-03-16,-9.9099
2026-03-13,603929,亚翔集成,9.9977,3.2064,378.8634,2026-03-16,9.9979
2026-03-13,002056,横店东磁,10.0043,22.2748,303.2191,2026-03-16,-8.3204
2026-03-13,002931,锋龙股份,10.0054,6.4809,147.8411,2026-03-16,-10.0025
2026-03-13,002531,天顺风能,10.0089,14.2301,199.9926,2026-03-16,-1.8519
2026-03-16,002151,北斗星通,5.0109,34.7722,207.3377,2026-03-17,-2.9798
2026-03-16,688380,中微半导,5.0969,647.9932,164.0696,2026-03-17,-4.0481
2026-03-16,002031,巨轮智能,5.2260,8.0663,137.2423,2026-03-17,-1.0738
2026-03-16,688166,博瑞医药,5.2996,734.7169,205.2480,2026-03-17,0.0000
2026-03-16,002938,鹏鼎控股,5.3198,21.2847,1217.6722,2026-03-17,-4.3640
2026-03-16,301128,强瑞技术,5.3766,6.9018,156.6721,2026-03-17,-3.1811
2026-03-16,301090,华润材料,6.2134,4.1825,112.4961,2026-03-17,-3.0905
2026-03-16,301308,江波龙,6.3249,75.8694,1232.2033,2026-03-17,-4.2964
2026-03-16,688106,金宏气体,6.3534,1689.7141,129.0736,2026-03-17,-3.6055
2026-03-16,600956,新天绿能,6.3608,9.0950,390.7992,2026-03-17,5.0980
2026-03-16,600996,贵广网络,6.3961,5.7207,132.9089,2026-03-17,-4.3931
2026-03-16,300765,新诺威,6.7022,4.4890,451.9980,2026-03-17,1.0938
2026-03-16,300257,开山股份,6.7174,14.0732,277.7210,2026-03-17,-5.5226
2026-03-16,603516,淳中科技,6.7567,15.3067,276.7498,2026-03-17,-0.3274
2026-03-16,605060,联德股份,7.0150,5.6959,122.1967,2026-03-17,-2.9097
2026-03-16,301377,鼎泰高科,7.0243,7.7325,781.2550,2026-03-17,-4.8062
2026-03-16,000021,深科技,7.0505,52.8163,404.5506,2026-03-17,-2.5378
2026-03-16,002384,东山精密,7.2749,103.8452,1850.4731,2026-03-17,-7.8067
2026-03-16,688449,联芸科技,8.0435,597.9504,192.0040,2026-03-17,-2.3340
2026-03-16,688766,普冉股份,8.2869,1971.6678,331.6152,2026-03-17,-1.4231
2026-03-16,688172,燕东微,8.4813,1163.2117,547.3488,2026-03-17,-3.5227
2026-03-16,300223,北京君正,9.0222,61.6757,502.0354,2026-03-17,-4.2648
2026-03-16,603929,亚翔集成,9.9979,14.3563,378.8634,2026-03-17,9.9994
2026-03-16,603175,超颖电子,10.0037,7.3233,342.6310,2026-03-17,8.6291
2026-03-16,002831,裕同科技,10.0116,14.2338,295.7610,2026-03-17,-5.8390
2026-03-16,688347,华虹公司,12.1978,5078.0700,1846.7555,2026-03-17,-5.1403
2026-03-17,600956,新天绿能,5.0980,9.9854,390.7992,2026-03-18,-2.5187
2026-03-17,600032,浙江新能,7.3001,10.3193,243.3531,2026-03-18,-2.5918
2026-03-17,603175,超颖电子,8.6291,18.1799,342.6310,2026-03-18,2.6096
2026-03-17,603929,亚翔集成,9.9994,18.4143,378.8634,2026-03-18,6.7371
2026-03-17,002565,顺灏股份,10.0000,13.2033,180.3041,2026-03-18,9.9729
2026-03-17,600307,酒钢宏兴,10.0000,4.4229,127.1462,2026-03-18,10.0000
2026-03-18,300223,北京君正,5.0418,47.8125,502.0354,2026-03-19,-6.6677
2026-03-18,688625,呈和科技,5.2096,161.9022,100.6199,2026-03-19,-5.5484
2026-03-18,300201,海伦哲,5.3333,8.8124,108.8758,2026-03-19,-0.8439
2026-03-18,301031,中熔电气,5.4032,3.4962,135.5375,2026-03-19,1.6662
2026-03-18,002281,光迅科技,5.4490,45.1808,676.8816,2026-03-19,0.9809
2026-03-18,600589,大位科技,5.6956,23.9169,161.6806,2026-03-19,2.1201
2026-03-18,688375,国博电子,5.9340,609.3464,678.1458,2026-03-19,1.7900
2026-03-18,002792,通宇通讯,6.1115,13.5812,235.7786,2026-03-19,-1.4159
2026-03-18,000555,神州信息,6.2105,8.9500,150.3668,2026-03-19,-1.1911
2026-03-18,002831,裕同科技,6.3687,10.9996,295.7610,2026-03-19,-6.9065
2026-03-18,603629,利通电子,6.4327,15.9376,167.2552,2026-03-19,10.0032
2026-03-18,002938,鹏鼎控股,6.6019,26.7073,1217.6722,2026-03-19,-3.0055
2026-03-18,603929,亚翔集成,6.7371,17.5096,378.8634,2026-03-19,-3.5078
2026-03-18,688766,普冉股份,6.8033,2285.9739,331.6152,2026-03-19,5.3275
2026-03-18,300308,中际旭创,6.8140,219.1269,6229.5961,2026-03-19,-0.8276
2026-03-18,301196,唯科科技,6.8157,3.6804,125.3137,2026-03-19,-3.5969
2026-03-18,300657,弘信电子,7.0460,12.5928,140.0575,2026-03-19,-1.6378
2026-03-18,688449,联芸科技,7.2724,774.4867,192.0040,2026-03-19,-4.0714
2026-03-18,688270,臻镭科技,7.3539,2211.7436,322.7898,2026-03-19,-1.7270
2026-03-18,002993,奥海科技,7.3911,5.5042,127.8893,2026-03-19,-3.6849
2026-03-18,600821,金开新能,7.7320,58.9851,179.4200,2026-03-19,6.3158
2026-03-18,688380,中微半导,7.9574,1182.1555,164.0696,2026-03-19,-5.2815
2026-03-18,600563,法拉电子,8.2348,19.9283,283.5675,2026-03-19,-1.2131
2026-03-18,301308,江波龙,8.2555,87.2754,1232.2033,2026-03-19,-0.7793
2026-03-18,002897,意华股份,8.3902,11.7305,112.8773,2026-03-19,-2.4902
2026-03-18,000534,万泽股份,8.6081,11.6075,179.9216,2026-03-19,-2.7810
2026-03-18,301005,超捷股份,8.6381,16.0052,226.0821,2026-03-19,-1.9763
2026-03-18,688166,博瑞医药,9.0465,1274.8832,205.2480,2026-03-19,-2.8627
2026-03-18,300017,网宿科技,9.2308,54.5163,418.1065,2026-03-19,0.9209
2026-03-18,688818,电科蓝天,9.8578,2515.0580,1076.8928,2026-03-19,-1.7857
2026-03-18,600666,奥瑞德,9.9010,10.7304,158.7585,2026-03-19,9.9099
2026-03-18,002565,顺灏股份,9.9729,42.5825,180.3041,2026-03-19,5.8606
2026-03-18,600307,酒钢宏兴,10.0000,14.4015,127.1462,2026-03-19,-5.7851
2026-03-18,000539,粤电力A,10.0000,1.4713,312.9169,2026-03-19,9.9822
2026-03-18,600602,云赛智联,10.0243,25.4150,319.3518,2026-03-19,0.3538
2026-03-18,300846,首都在线,10.2624,24.7761,141.6658,2026-03-19,0.6627
2026-03-18,688385,复旦微电,10.4618,1793.2256,553.6177,2026-03-19,-5.2129
2026-03-18,300900,广联航空,13.6339,21.9266,125.8774,2026-03-19,0.7935
2026-03-18,300383,光环新网,13.8945,41.1836,309.7252,2026-03-19,-2.0528
2026-03-18,688387,信科移动,14.6953,1984.1165,509.3938,2026-03-19,-3.4375
2026-03-18,301128,强瑞技术,20.0000,18.4075,156.6721,2026-03-19,4.0225
2026-03-18,301306,西测测试,20.0018,18.0936,141.7920,2026-03-19,7.9948
2026-03-19,601857,中国石油,5.2277,67.8185,22511.5803,2026-03-20,-1.9231
2026-03-19,688766,普冉股份,5.3275,3418.8975,331.6152,2026-03-20,-4.4334
2026-03-19,002423,中粮资本,5.4895,7.9464,243.0831,2026-03-20,-4.4232
2026-03-19,002565,顺灏股份,5.8606,55.1410,180.3041,2026-03-20,-10.0233
2026-03-19,002082,万邦德,5.9752,3.6486,177.8792,2026-03-20,-0.2128
2026-03-19,600821,金开新能,6.3158,74.4141,179.4200,2026-03-20,-3.6004
2026-03-19,688106,金宏气体,6.4751,1465.4524,129.0736,2026-03-20,4.7499
2026-03-19,301306,西测测试,7.9948,22.9942,141.7920,2026-03-20,-7.0078
2026-03-19,600666,奥瑞德,9.9099,13.8919,158.7585,2026-03-20,-10.0410
2026-03-19,600996,贵广网络,9.9537,7.0256,132.9089,2026-03-20,-2.0000
2026-03-19,000539,粤电力A,9.9822,8.5633,312.9169,2026-03-20,7.9417
2026-03-19,603629,利通电子,10.0032,22.7938,167.2552,2026-03-20,-10.0044
2026-03-20,688390,固德威,5.0772,2326.4482,234.4335,2026-03-23,-4.2537
2026-03-20,603929,亚翔集成,5.3675,14.4328,378.8634,2026-03-23,-6.0134
2026-03-20,600032,浙江新能,5.5016,11.0282,243.3531,2026-03-23,10.0204
2026-03-20,300693,盛弘股份,5.5379,11.9755,134.9714,2026-03-23,-4.9892
2026-03-20,300014,亿纬锂能,5.5771,92.9018,1306.6971,2026-03-23,0.4661
2026-03-20,002756,永兴材料,5.8056,16.8055,407.4529,2026-03-23,3.8961
2026-03-20,600750,华润江中,6.1376,3.8428,170.9800,2026-03-23,-5.1197
2026-03-20,000423,东阿阿胶,6.1387,13.1870,369.4495,2026-03-23,-1.9636
2026-03-20,300308,中际旭创,6.3978,329.5859,6229.5961,2026-03-23,-2.0229
2026-03-20,301196,唯科科技,6.8268,10.0640,125.3137,2026-03-23,-7.7530
2026-03-20,688172,燕东微,7.7013,1416.9808,547.3488,2026-03-23,-8.6024
2026-03-20,000539,粤电力A,7.9417,23.3764,312.9169,2026-03-23,-7.5075
2026-03-20,688063,派能科技,8.4708,2592.5798,185.7615,2026-03-23,-1.9763
2026-03-20,688195,腾景科技,8.9390,3711.2772,343.4113,2026-03-23,3.7974
2026-03-20,300620,光库科技,9.2146,60.7727,438.6325,2026-03-23,2.5092
2026-03-20,300724,捷佳伟创,9.4068,70.1662,369.5378,2026-03-23,-0.5345
2026-03-20,603026,石大胜华,10.0073,14.2010,203.0782,2026-03-23,0.1989
2026-03-20,301327,华宝新能,13.4831,9.8206,125.7115,2026-03-23,2.1811
2026-03-20,300782,卓胜微,13.8714,59.5198,435.3368,2026-03-23,-5.9358
2026-03-20,300827,上能电气,20.0053,60.2888,225.9054,2026-03-23,-7.3225
2026-03-23,688819,天能股份,5.0394,387.0607,316.0297,2026-03-24,-0.2999
2026-03-23,301306,西测测试,5.1150,17.1935,141.7920,2026-03-24,-2.0504
2026-03-23,688106,金宏气体,5.4620,1970.8323,129.0736,2026-03-24,-3.8762
2026-03-23,300390,天华新能,5.7777,29.7984,485.7400,2026-03-24,7.5005
2026-03-23,001896,豫能控股,6.5046,35.6659,219.4074,2026-03-24,4.2566
2026-03-23,000422,湖北宜化,7.8431,24.5322,179.9963,2026-03-24,-2.6393
2026-03-23,600376,首开股份,9.9251,13.0968,130.5260,2026-03-24,-1.8739
2026-03-23,002565,顺灏股份,9.9741,47.9487,180.3041,2026-03-24,-0.4122
2026-03-23,002896,中大力德,10.0000,9.7193,145.3875,2026-03-24,-3.3247
2026-03-23,600032,浙江新能,10.0204,17.7339,243.3531,2026-03-24,10.0372
2026-03-23,000703,恒逸石化,10.0372,7.4525,433.3954,2026-03-24,2.5338
2026-03-23,300085,银之杰,10.1171,49.9219,268.4527,2026-03-24,-1.2548
2026-03-24,601212,白银有色,5.0734,14.2540,601.2677,2026-03-25,3.1766
2026-03-24,688321,微芯生物,5.1017,305.9033,127.6114,2026-03-25,-0.4413
2026-03-24,688712,北芯生命,5.1633,105.4532,159.2940,2026-03-25,1.1677
2026-03-24,000060,中金岭南,5.1903,8.9985,272.6880,2026-03-25,0.8224
2026-03-24,000338,潍柴动力,5.1908,31.8650,2097.9452,2026-03-25,3.4163
2026-03-24,601991,大唐发电,5.2109,14.2095,740.2684,2026-03-25,5.1887
2026-03-24,000792,盐湖股份,5.2921,43.5450,1924.0158,2026-03-25,0.9887
2026-03-24,000680,山推股份,5.2968,5.0592,175.6667,2026-03-25,2.9488
2026-03-24,601899,紫金矿业,5.2976,147.2392,8687.1598,2026-03-25,3.2298
2026-03-24,688543,国科军工,5.3078,557.7814,139.7780,2026-03-25,3.1729
2026-03-24,600775,南京熊猫,5.4281,6.5710,122.5457,2026-03-25,0.4351
2026-03-24,600808,马钢股份,5.4286,2.5385,291.0857,2026-03-25,2.9810
2026-03-24,600320,振华重工,5.4795,3.1430,268.1592,2026-03-25,1.7316
2026-03-24,605060,联德股份,5.5231,3.7603,122.1967,2026-03-25,2.0088
2026-03-24,600869,远东股份,5.5372,10.1110,299.8346,2026-03-25,3.6805
2026-03-24,002353,杰瑞股份,5.5437,22.9001,990.5805,2026-03-25,1.3232
2026-03-24,600116,三峡水利,5.5723,3.4274,129.2609,2026-03-25,3.1384
2026-03-24,000506,招金黄金,5.6246,5.8605,157.5614,2026-03-25,2.1053
2026-03-24,301308,江波龙,5.6499,55.3127,1232.2033,2026-03-25,4.5317
2026-03-24,300765,新诺威,5.7143,3.3211,451.9980,2026-03-25,0.2365
2026-03-24,600072,中船科技,5.7236,4.9194,195.0845,2026-03-25,-0.3867
2026-03-24,600330,天通股份,5.7275,18.1088,190.6890,2026-03-25,3.5492
2026-03-24,000690,宝新能源,5.8091,12.0211,108.3592,2026-03-25,10.0000
2026-03-24,600435,北方导航,5.8097,8.0531,222.7703,2026-03-25,2.3336
2026-03-24,688125,安达智能,5.8723,233.8525,173.9436,2026-03-25,1.1937
2026-03-24,002019,亿帆医药,5.9216,4.3188,155.3330,2026-03-25,-0.1575
2026-03-24,600563,法拉电子,5.9568,14.3495,283.5675,2026-03-25,7.5405
2026-03-24,000519,中兵红箭,5.9911,9.5694,235.6210,2026-03-25,4.9910
2026-03-24,000883,湖北能源,6.0291,4.7745,343.3503,2026-03-25,3.1373
2026-03-24,600956,新天绿能,6.0700,8.4153,390.7992,2026-03-25,-0.8729
2026-03-24,600110,诺德股份,6.0976,10.1032,152.5224,2026-03-25,0.3831
2026-03-24,688428,诺诚健华,6.2093,316.5852,477.5127,2026-03-25,-0.6132
2026-03-24,603516,淳中科技,6.2108,11.1075,276.7498,2026-03-25,0.2463
2026-03-24,301128,强瑞技术,6.3279,14.6547,156.6721,2026-03-25,4.1069
2026-03-24,600163,中闽能源,6.3665,8.0713,142.5344,2026-03-25,10.0730
2026-03-24,600338,西藏珠峰,6.3902,7.8791,156.3299,2026-03-25,1.0224
2026-03-24,688001,华兴源创,6.4207,151.0111,135.9694,2026-03-25,2.8000
2026-03-24,000534,万泽股份,6.5433,10.0210,179.9216,2026-03-25,3.5993
2026-03-24,688266,泽璟制药,6.6973,401.2333,263.3052,2026-03-25,1.2267
2026-03-24,301086,鸿富瀚,6.7868,2.2837,114.0930,2026-03-25,3.2237
2026-03-24,000049,德赛电池,6.8771,8.0217,101.5830,2026-03-25,-1.5823
2026-03-24,300620,光库科技,7.0395,53.0209,438.6325,2026-03-25,2.6651
2026-03-24,600388,龙净环保,7.1759,5.5833,226.7033,2026-03-25,0.5940
2026-03-24,600549,厦门钨业,7.2171,41.6212,881.1101,2026-03-25,4.7568
2026-03-24,688183,生益电子,7.3983,2217.0956,698.2307,2026-03-25,-0.3444
2026-03-24,002859,洁美科技,7.4238,4.8454,171.7575,2026-03-25,7.1290
2026-03-24,000408,藏格矿业,7.4982,20.5379,1243.7758,2026-03-25,3.0195
2026-03-24,300390,天华新能,7.5005,29.1243,485.7400,2026-03-25,2.1723
2026-03-24,301196,唯科科技,7.6075,5.4466,125.3137,2026-03-25,20.0000
2026-03-24,000591,太阳能,7.6789,18.5676,218.1990,2026-03-25,3.5656
2026-03-24,002993,奥海科技,8.0045,4.3177,127.8893,2026-03-25,1.5690
2026-03-24,300005,探路者,8.0756,5.2919,132.0251,2026-03-25,6.2003
2026-03-24,688795,摩尔线程,8.6361,1577.2785,2631.2180,2026-03-25,2.6814
2026-03-24,002756,永兴材料,8.6563,21.0313,407.4529,2026-03-25,4.1271
2026-03-24,301285,鸿日达,8.7361,3.2890,173.6441,2026-03-25,1.4434
2026-03-24,600967,内蒙一机,8.9312,8.0829,252.3761,2026-03-25,4.8387
2026-03-24,600686,金龙汽车,9.1850,5.3673,131.6499,2026-03-25,4.9763
2026-03-24,688195,腾景科技,9.8765,2988.8087,343.4113,2026-03-25,4.4944
2026-03-24,000065,北方国际,9.9768,6.8195,168.8737,2026-03-25,-0.7032
2026-03-24,000415,渤海租赁,10.0000,5.0684,270.2636,2026-03-25,2.3310
2026-03-24,603929,亚翔集成,10.0000,7.5294,378.8634,2026-03-25,4.6030
2026-03-24,601869,长飞光纤,10.0000,45.5351,2483.7153,2026-03-25,9.9996
2026-03-24,002498,汉缆股份,10.0000,26.6384,287.4352,2026-03-25,2.5000
2026-03-24,002082,万邦德,10.0056,5.4522,177.8792,2026-03-25,8.7418
2026-03-24,601606,长城军工,10.0112,9.5911,297.2958,2026-03-25,9.9898
2026-03-24,002265,建设工业,10.0149,4.5182,246.2768,2026-03-25,8.1118
2026-03-24,000811,冰轮环境,10.0243,6.4504,171.8972,2026-03-25,3.3683
2026-03-24,600475,华光环能,10.0293,5.8242,167.5808,2026-03-25,-0.4264
2026-03-24,000035,中国天楹,10.0295,12.9066,163.1026,2026-03-25,1.3405
2026-03-24,600032,浙江新能,10.0372,21.5770,243.3531,2026-03-25,9.9662
2026-03-24,600821,金开新能,10.0398,67.9104,179.4200,2026-03-25,1.6260
2026-03-24,002083,孚日股份,10.0402,8.6557,111.0408,2026-03-25,1.8248
2026-03-24,000539,粤电力A,10.0649,19.2963,312.9169,2026-03-25,10.0295
2026-03-24,600666,奥瑞德,10.0917,18.2804,158.7585,2026-03-25,10.0000
2026-03-24,688802,沐曦股份,13.4883,2174.4288,2396.5990,2026-03-25,1.2196
2026-03-24,301357,北方长龙,16.4388,7.9074,111.3650,2026-03-25,8.9184
2026-03-25,002366,融发核电,5.0066,11.0715,154.8218,2026-03-26,-3.8896
2026-03-25,600673,东阳光,5.1765,20.2693,912.4971,2026-03-26,-2.3969
2026-03-25,601991,大唐发电,5.1887,21.9039,740.2684,2026-03-26,-1.5695
2026-03-25,600323,瀚蓝环境,5.2488,2.5059,242.6473,2026-03-26,-0.2267
2026-03-25,000301,东方盛虹,5.2632,3.7618,704.7572,2026-03-26,-1.7593
2026-03-25,300638,广和通,5.3359,12.1021,226.3452,2026-03-26,-4.5918
2026-03-25,000703,恒逸石化,5.4366,7.1117,433.3954,2026-03-26,-1.6406
2026-03-25,300846,首都在线,5.6022,19.3875,141.6658,2026-03-26,-5.1393
2026-03-25,300827,上能电气,5.6228,47.0838,225.9054,2026-03-26,0.8985
2026-03-25,688625,呈和科技,5.7736,213.6331,100.6199,2026-03-26,-4.3168
2026-03-25,300757,罗博特科,5.8055,30.3166,633.5587,2026-03-26,4.7039
2026-03-25,002126,银轮股份,6.1487,11.6128,354.7751,2026-03-26,-4.6700
2026-03-25,300005,探路者,6.2003,4.1975,132.0251,2026-03-26,5.0898
2026-03-25,002053,云南能投,6.2308,7.8167,115.4595,2026-03-26,-0.8689
2026-03-25,002597,金禾实业,6.2908,2.8770,130.7704,2026-03-26,0.9206
2026-03-25,601778,晶科科技,6.6667,29.1422,177.4787,2026-03-26,-3.8851
2026-03-25,600509,天富能源,7.0671,7.9717,114.2124,2026-03-26,-1.2101
2026-03-25,603626,科森科技,7.1109,9.2855,124.3485,2026-03-26,-1.2999
2026-03-25,002859,洁美科技,7.1290,5.4198,171.7575,2026-03-26,-10.0045
2026-03-25,300017,网宿科技,7.2104,51.7416,418.1065,2026-03-26,-3.5281
2026-03-25,600563,法拉电子,7.5405,21.5737,283.5675,2026-03-26,-1.3819
2026-03-25,002895,川恒股份,7.6837,7.2077,238.7877,2026-03-26,-0.1302
2026-03-25,600578,京能电力,7.7068,6.0784,342.7646,2026-03-26,-1.9197
2026-03-25,002782,可立克,7.8458,3.9314,105.3428,2026-03-26,10.0084
2026-03-25,002265,建设工业,8.1118,9.7355,246.2768,2026-03-26,-5.1688
2026-03-25,002281,光迅科技,8.2384,65.0011,676.8816,2026-03-26,-1.6773
2026-03-25,002082,万邦德,8.7418,8.4573,177.8792,2026-03-26,9.9907
2026-03-25,301357,北方长龙,8.9184,10.7884,111.3650,2026-03-26,-6.8677
2026-03-25,600032,浙江新能,9.9662,22.3581,243.3531,2026-03-26,-3.1490
2026-03-25,600589,大位科技,9.9704,12.0883,161.6806,2026-03-26,-2.8725
2026-03-25,000791,甘肃能源,9.9881,15.0081,249.7757,2026-03-26,-3.1351
2026-03-25,601606,长城军工,9.9898,27.0106,297.2958,2026-03-26,-4.4604
2026-03-25,600158,中体产业,9.9902,11.9877,115.0456,2026-03-26,-4.1852
2026-03-25,002475,立讯精密,9.9914,132.9736,3593.4476,2026-03-26,-1.5303
2026-03-25,601869,长飞光纤,9.9996,55.4702,2483.7153,2026-03-26,4.7693
2026-03-25,600666,奥瑞德,10.0000,3.4719,158.7585,2026-03-26,4.7348
2026-03-25,603179,新泉股份,10.0000,11.6132,335.3673,2026-03-26,-2.0909
2026-03-25,000690,宝新能源,10.0000,15.4853,108.3592,2026-03-26,2.6738
2026-03-25,603629,利通电子,10.0035,9.6458,167.2552,2026-03-26,5.3765
2026-03-25,603175,超颖电子,10.0037,2.5698,342.6310,2026-03-26,-2.6387
2026-03-25,000539,粤电力A,10.0295,17.1136,312.9169,2026-03-26,0.4021
2026-03-25,600163,中闽能源,10.0730,6.8413,142.5344,2026-03-26,9.9469
2026-03-25,301015,百洋医药,10.3333,1.7545,125.4139,2026-03-26,-5.0928
2026-03-25,300201,海伦哲,10.3908,7.9628,108.8758,2026-03-26,-0.5181
2026-03-25,300953,震裕科技,10.9686,13.7270,305.5463,2026-03-26,-0.6879
2026-03-25,688141,杰华特,12.4014,974.5729,232.9964,2026-03-26,-3.0491
2026-03-25,300383,光环新网,17.7649,79.4489,309.7252,2026-03-26,-6.3083
2026-03-25,301196,唯科科技,20.0000,13.0299,125.3137,2026-03-26,3.7128
2026-03-25,688781,视涯科技,102.8219,1457.2815,362.8000,2026-03-26,-11.3261
2026-03-26,002611,东方精工,5.0410,14.0173,216.7987,2026-03-27,-1.2277
2026-03-26,300005,探路者,5.0898,8.3805,132.0251,2026-03-27,3.4188
2026-03-26,002896,中大力德,5.1720,10.2506,145.3875,2026-03-27,-1.5200
2026-03-26,002541,鸿路钢构,5.1791,2.6890,141.4535,2026-03-27,-2.3470
2026-03-26,002408,齐翔腾达,5.2539,6.0237,168.5811,2026-03-27,1.3311
2026-03-26,603629,利通电子,5.3765,26.6708,167.2552,2026-03-27,-2.3770
2026-03-26,688125,安达智能,5.7650,297.9072,173.9436,2026-03-27,0.8805
2026-03-26,301327,华宝新能,5.9589,8.9180,125.7115,2026-03-27,6.4471
2026-03-26,301150,中一科技,7.5934,11.2882,129.1880,2026-03-27,8.0061
2026-03-26,600163,中闽能源,9.9469,6.4133,142.5344,2026-03-27,-5.5489
2026-03-26,002082,万邦德,9.9907,11.8883,177.8792,2026-03-27,10.0127
2026-03-26,002149,西部材料,10.0024,44.2596,268.4690,2026-03-27,5.7980
2026-03-26,603026,石大胜华,10.0052,20.5389,203.0782,2026-03-27,9.9977
2026-03-26,002782,可立克,10.0084,8.4266,105.3428,2026-03-27,-10.0153
2026-03-26,301306,西测测试,16.2836,22.6060,141.7920,2026-03-27,-2.3393
2026-03-27,300255,常山药业,5.0123,10.1456,344.5559,2026-03-30,-1.3230
2026-03-27,301301,川宁生物,5.0373,3.1345,241.5182,2026-03-30,-0.6217
2026-03-27,300757,罗博特科,5.2221,42.8325,633.5587,2026-03-30,-3.6781
2026-03-27,300487,蓝晓科技,5.5072,3.4085,336.4356,2026-03-30,-1.1354
2026-03-27,301486,致尚科技,5.6956,13.9035,191.1170,2026-03-30,0.0847
2026-03-27,688578,艾力斯,5.7115,580.4920,439.0650,2026-03-30,-0.6715
2026-03-27,301392,汇成真空,5.7534,2.9082,106.8700,2026-03-30,-3.3765
2026-03-27,600563,法拉电子,5.7829,18.9355,283.5675,2026-03-30,-7.1348
2026-03-27,002149,西部材料,5.7980,60.5702,268.4690,2026-03-30,7.4823
2026-03-27,002378,章源钨业,6.0477,34.2776,374.9625,2026-03-30,-0.6782
2026-03-27,301327,华宝新能,6.4471,11.1635,125.7115,2026-03-30,-1.9140
2026-03-27,688166,博瑞医药,6.5175,892.7367,205.2480,2026-03-30,0.2019
2026-03-27,002020,京新药业,6.6116,3.1199,135.7843,2026-03-30,1.1628
2026-03-27,688712,北芯生命,6.7568,213.1978,159.2940,2026-03-30,-1.4684
2026-03-27,600276,恒瑞医药,6.8758,54.6942,3710.1947,2026-03-30,1.0511
2026-03-27,688608,恒玄科技,7.0444,990.5429,298.3855,2026-03-30,-0.4569
2026-03-27,000792,盐湖股份,7.0556,63.3630,1924.0158,2026-03-30,-0.9886
2026-03-27,688106,金宏气体,7.4857,1623.1752,129.0736,2026-03-30,-3.7654
2026-03-27,688503,聚和材料,7.5672,1144.3794,202.6548,2026-03-30,-2.2048
2026-03-27,301285,鸿日达,7.8372,5.9387,173.6441,2026-03-30,0.4955
2026-03-27,300236,上海新阳,7.8658,10.2151,232.0589,2026-03-30,1.2284
2026-03-27,688266,泽璟制药,7.8860,519.3679,263.3052,2026-03-30,-4.1514
2026-03-27,301150,中一科技,8.0061,12.8293,129.1880,2026-03-30,1.6512
2026-03-27,301086,鸿富瀚,8.0890,4.9573,114.0930,2026-03-30,0.2728
2026-03-27,688141,杰华特,8.5454,1087.1121,232.9964,2026-03-30,0.8387
2026-03-27,300620,光库科技,8.5939,54.2488,438.6325,2026-03-30,-3.0699
2026-03-27,002422,科伦药业,8.7512,11.2966,555.1637,2026-03-30,-0.5727
2026-03-27,300666,江丰电子,9.2964,23.6443,370.8653,2026-03-30,0.3219
2026-03-27,600666,奥瑞德,9.9458,63.3388,158.7585,2026-03-30,2.6316
2026-03-27,001896,豫能控股,9.9734,37.4566,219.4074,2026-03-30,-9.9758
2026-03-27,600996,贵广网络,9.9890,1.6196,132.9089,2026-03-30,9.9800
2026-03-27,002842,翔鹭钨业,9.9934,11.9329,106.1020,2026-03-30,2.0223
2026-03-27,002756,永兴材料,9.9959,18.4702,407.4529,2026-03-30,-1.2806
2026-03-27,603026,石大胜华,9.9977,30.0463,203.0782,2026-03-30,-0.8418
2026-03-27,600338,西藏珠峰,10.0063,18.1871,156.3299,2026-03-30,1.4302
2026-03-27,002755,奥赛康,10.0071,4.0788,144.5146,2026-03-30,1.3645
2026-03-27,002082,万邦德,10.0127,7.3114,177.8792,2026-03-30,5.4147
2026-03-27,000553,安道麦A,10.0170,1.6816,147.2441,2026-03-30,-0.1543
2026-03-27,002265,建设工业,10.0220,5.6137,246.2768,2026-03-30,-1.2785
2026-03-27,600110,诺德股份,10.0381,15.2562,152.5224,2026-03-30,5.0808
2026-03-27,002176,江特电机,10.0535,9.7480,175.0690,2026-03-30,4.0816
2026-03-27,688195,腾景科技,10.6136,3108.9262,343.4113,2026-03-30,-3.2313
2026-03-27,300390,天华新能,12.9921,44.7425,485.7400,2026-03-30,-2.0934
2026-03-27,300765,新诺威,14.6307,7.4450,451.9980,2026-03-30,-0.1239
2026-03-27,688068,热景生物,19.9982,707.1682,114.1420,2026-03-30,-5.2373
2026-03-27,300204,舒泰神,20.0173,15.4646,140.6562,2026-03-30,3.6383
2026-03-30,300779,惠城环保,5.0040,7.5084,185.0596,,
2026-03-30,600110,诺德股份,5.0808,30.0511,152.5224,,
2026-03-30,002792,通宇通讯,5.0985,23.8406,235.7786,,
2026-03-30,002082,万邦德,5.4147,18.0641,177.8792,,
2026-03-30,002859,洁美科技,5.4217,4.8974,171.7575,,
2026-03-30,301015,百洋医药,5.4545,2.7655,125.4139,,
2026-03-30,601677,明泰铝业,5.6667,9.2327,189.3886,,
2026-03-30,600595,中孚实业,5.7423,10.2968,290.9739,,
2026-03-30,603606,东方电缆,5.8009,13.5488,416.0678,,
2026-03-30,688270,臻镭科技,6.2307,2159.2446,322.7898,,
2026-03-30,301377,鼎泰高科,6.3684,8.9327,781.2550,,
2026-03-30,301306,西测测试,6.8542,19.8606,141.7920,,
2026-03-30,002796,世嘉科技,6.8873,8.4441,114.8270,,
2026-03-30,002484,江海股份,6.9350,12.2552,246.8220,,
2026-03-30,688428,诺诚健华,7.0751,659.1196,477.5127,,
2026-03-30,300457,赢合科技,7.3972,10.4710,168.7144,,
2026-03-30,002149,西部材料,7.4823,57.0318,268.4690,,
2026-03-30,300337,银邦股份,8.2923,10.8899,110.5503,,
2026-03-30,600598,北大荒,8.3695,18.0104,297.7614,,
2026-03-30,301018,申菱环境,8.4543,16.1908,244.2363,,
2026-03-30,600996,贵广网络,9.9800,11.1208,132.9089,,
2026-03-30,601068,中铝国际,9.9825,1.3272,181.0629,,
2026-03-30,002532,天山铝业,9.9876,4.4668,808.1776,,
2026-03-30,600602,云赛智联,9.9953,25.9702,319.3518,,
2026-03-30,600219,南山铝业,10.0000,36.9038,708.5444,,
2026-03-30,601869,长飞光纤,10.0015,45.0040,2483.7153,,
2026-03-30,301005,超捷股份,13.4920,29.2143,226.0821,,
2026-03-30,300900,广联航空,20.0000,22.4270,125.8774,,
