date,side,code,name,price,shares,gross,cost,cash_after,reason,entry_date,entry_price,realized_return_pct,signal_date
2026-04-29,BUY,002730.SZ,电光科技,30.4,3284.546864,99850.2247,149.7753,900000.0,top_score,,,,2026-04-28
2026-04-29,BUY,002281.SZ,光迅科技,132.53,753.416016,99850.2247,149.7753,800000.0,top_score,,,,2026-04-28
2026-04-29,BUY,688008.SH,澜起科技,171.0,583.919442,99850.2247,149.7753,700000.0,top_score,,,,2026-04-28
2026-04-29,BUY,688498.SH,源杰科技,1428.8,69.883976,99850.2247,149.7753,600000.0,top_score,,,,2026-04-28
2026-04-29,BUY,688041.SH,海光信息,284.72,350.696209,99850.2247,149.7753,500000.0,top_score,,,,2026-04-28
2026-04-29,BUY,000977.SZ,浪潮信息,70.48,1416.717149,99850.2247,149.7753,400000.0,top_score,,,,2026-04-28
2026-04-29,BUY,600522.SH,中天科技,34.2,2919.597212,99850.2247,149.7753,300000.0,top_score,,,,2026-04-28
2026-04-29,BUY,603629.SH,利通电子,130.99,762.273644,99850.2247,149.7753,200000.0,top_score,,,,2026-04-28
2026-04-29,BUY,600487.SH,亨通光电,67.0,1490.301861,99850.2247,149.7753,100000.0,top_score,,,,2026-04-28
2026-04-29,BUY,301396.SZ,宏景科技,296.0,337.33184,99850.2247,149.7753,0.0,top_score,,,,2026-04-28
2026-04-30,SELL,603629.SH,利通电子,142.32,762.273644,108486.7851,162.7302,108324.0549,risk_flag,2026-04-29,130.99,8.6495,2026-04-29
2026-04-30,BUY,301511.SZ,德福科技,69.9,1397.222231,97665.834,146.4988,10511.7222,top_score,,,,2026-04-29
2026-05-11,SELL,002281.SZ,光迅科技,188.0,753.416016,141642.2111,212.4633,151941.4699,risk_flag,2026-04-29,132.53,41.8547,2026-05-08
2026-05-11,BUY,300620.SZ,光库科技,263.9,467.544865,123385.0899,185.0776,28371.3024,top_score,,,,2026-05-08
2026-05-12,SELL,301396.SZ,宏景科技,320.0,337.33184,107946.1888,161.9193,136155.5719,rank_decay,2026-04-29,296.0,8.1081,2026-05-11
2026-05-12,BUY,001309.SZ,德明利,630.56,193.819895,122215.0731,183.3226,13757.1762,top_score,,,,2026-05-11
2026-05-15,SELL,000977.SZ,浪潮信息,71.6,1416.717149,101436.9479,152.1554,115041.9687,below_ma20,2026-04-29,70.48,1.5891,2026-05-14
2026-05-15,SELL,301511.SZ,德福科技,95.12,1397.222231,132903.7786,199.3557,247746.3917,rank_decay,2026-04-30,69.9,36.0801,2026-05-14
2026-05-15,BUY,003031.SZ,中瓷电子,165.0,727.961728,120113.6851,180.1705,127452.536,top_score,,,,2026-05-14
2026-05-15,BUY,688205.SH,德科立,280.16,428.732457,120113.6851,180.1705,7158.6804,top_score,,,,2026-05-14
2026-05-20,SELL,688498.SH,源杰科技,1065.0,69.883976,74426.4343,111.6397,81473.475,below_ma20,2026-04-29,1428.8,-25.4619,2026-05-19
2026-05-20,BUY,002281.SZ,光迅科技,229.01,355.230985,81351.4478,122.0272,0.0,top_score,,,,2026-05-19
2026-05-22,SELL,002730.SZ,电光科技,30.58,3284.546864,100441.4431,150.6622,100290.7809,below_ma20,2026-04-29,30.4,0.5921,2026-05-21
2026-05-22,SELL,688041.SH,海光信息,311.1,350.696209,109101.5907,163.6524,209228.7192,below_ma20,2026-04-29,284.72,9.2652,2026-05-21
2026-05-22,SELL,600487.SH,亨通光电,70.66,1490.301861,105304.7295,157.9571,314375.4916,below_ma20,2026-04-29,67.0,5.4627,2026-05-21
2026-05-22,SELL,300620.SZ,光库科技,254.19,467.544865,118845.2293,178.2678,433042.453,below_ma20,2026-05-11,263.9,-3.6794,2026-05-21
2026-05-22,SELL,688205.SH,德科立,254.8,428.732457,109241.03,163.8615,542119.6215,below_ma20,2026-05-15,280.16,-9.052,2026-05-21
2026-05-22,BUY,603629.SH,利通电子,185.74,619.089543,114989.6917,172.4845,426957.4453,top_score,,,,2026-05-21
2026-05-22,BUY,000988.SZ,华工科技,155.55,739.245848,114989.6917,172.4845,311795.2691,top_score,,,,2026-05-21
2026-05-22,BUY,300136.SZ,信维通信,106.0,1084.808412,114989.6917,172.4845,196633.0929,top_score,,,,2026-05-21
2026-05-22,BUY,603061.SH,金海通,318.77,360.72934,114989.6917,172.4845,81470.9167,top_score,,,,2026-05-21
2026-05-22,BUY,688307.SH,中润光学,90.0,903.876593,81348.8934,122.0233,0.0,top_score,,,,2026-05-21
2026-05-26,SELL,003031.SZ,中瓷电子,154.51,727.961728,112477.3666,168.716,112308.6505,rank_decay,2026-05-15,165.0,-6.3576,2026-05-25
2026-05-26,SELL,688307.SH,中润光学,82.69,903.876593,74741.5555,112.1123,186938.0937,below_ma20,2026-05-22,90.0,-8.1222,2026-05-25
2026-05-26,BUY,002409.SZ,雅克科技,125.54,917.420666,115172.9904,172.7595,71592.3439,top_score,,,,2026-05-25
2026-05-26,BUY,688025.SH,杰普特,440.62,162.237566,71485.1162,107.2277,0.0,top_score,,,,2026-05-25
2026-05-28,SELL,600522.SH,中天科技,39.25,2919.597212,114594.1906,171.8913,114422.2993,below_ma20,2026-04-29,34.2,14.7661,2026-05-27
2026-05-28,BUY,688498.SH,源杰科技,1110.0,102.244921,113491.8621,170.2378,760.1995,top_score,,,,2026-05-27
2026-06-01,SELL,001309.SZ,德明利,641.4,193.819895,124316.0807,186.4741,124889.8061,below_ma20,2026-05-12,630.56,1.7191,2026-05-29
2026-06-01,SELL,603629.SH,利通电子,216.66,619.089543,134131.9403,201.1979,258820.5485,risk_flag,2026-05-22,185.74,16.6469,2026-05-29
2026-06-01,SELL,300136.SZ,信维通信,96.89,1084.808412,105107.087,157.6606,363769.9749,below_ma20,2026-05-22,106.0,-8.5943,2026-05-29
2026-06-01,SELL,603061.SH,金海通,288.42,360.72934,104041.5562,156.0623,467655.4687,below_ma20,2026-05-22,318.77,-9.521,2026-05-29
2026-06-01,SELL,688025.SH,杰普特,396.37,162.237566,64306.1039,96.4592,531865.1135,below_ma20,2026-05-26,440.62,-10.0427,2026-05-29
2026-06-01,BUY,600487.SH,亨通光电,75.24,1395.993433,105034.5459,157.5518,426673.0158,top_score,,,,2026-05-29
2026-06-01,BUY,301511.SZ,德福科技,124.0,847.052789,105034.5459,157.5518,321480.9181,top_score,,,,2026-05-29
2026-06-01,BUY,300620.SZ,光库科技,275.99,380.573738,105034.5459,157.5518,216288.8204,top_score,,,,2026-05-29
2026-06-02,SELL,688008.SH,澜起科技,236.04,583.919442,137828.3452,206.7425,353910.423,below_ma20,2026-04-29,171.0,38.0351,2026-06-01
2026-06-02,SELL,000988.SZ,华工科技,144.8,739.245848,107042.7988,160.5642,460792.6576,below_ma20,2026-05-22,155.55,-6.911,2026-06-01
2026-06-02,SELL,688498.SH,源杰科技,1089.36,102.244921,111381.5269,167.0723,572007.1122,below_ma20,2026-05-28,1110.0,-1.8595,2026-06-01
2026-06-02,BUY,603296.SH,华勤技术,121.68,898.074735,109277.7338,163.9166,462565.4618,top_score,,,,2026-06-01
2026-06-08,SELL,002409.SZ,雅克科技,107.66,917.420666,98769.5089,148.1543,561186.8164,rank_decay,2026-05-26,125.54,-14.2425,2026-06-05
2026-06-08,SELL,603296.SH,华勤技术,100.96,898.074735,90669.6253,136.0044,651720.4373,below_ma20,2026-06-02,121.68,-17.0283,2026-06-05
2026-06-08,BUY,600378.SH,昊华科技,45.5,2363.108044,107521.416,161.2821,544037.7392,top_score,,,,2026-06-05
2026-06-08,BUY,600522.SH,中天科技,44.0,2443.668545,107521.416,161.2821,436355.041,top_score,,,,2026-06-05
2026-06-08,BUY,002138.SZ,顺络电子,54.0,1991.137333,107521.416,161.2821,328672.3429,top_score,,,,2026-06-05
2026-06-09,SELL,002281.SZ,光迅科技,212.68,355.230985,75550.5258,113.3258,404109.543,below_ma20,2026-05-20,229.01,-7.1307,2026-06-08
2026-06-09,SELL,600378.SH,昊华科技,50.6,2363.108044,119573.267,179.3599,523503.4501,risk_flag,2026-06-08,45.5,11.2088,2026-06-08
2026-06-09,BUY,688519.SH,南亚新材,264.0,438.1685,115676.484,173.5147,407653.4513,top_score,,,,2026-06-08
2026-06-10,BUY,600105.SH,永鼎股份,55.7,2072.133823,115417.854,173.1268,292062.4706,top_score,,,,2026-06-09
2026-06-10,BUY,301205.SZ,联特科技,350.06,329.708776,115417.854,173.1268,176471.4898,top_score,,,,2026-06-09
2026-06-10,BUY,603773.SH,沃格光电,145.08,795.546278,115417.854,173.1268,60880.5091,top_score,,,,2026-06-09
2026-06-11,SELL,603773.SH,沃格光电,150.01,795.546278,119339.8971,179.0098,180041.3964,risk_flag,2026-06-10,145.08,3.3981,2026-06-10
2026-06-11,BUY,300666.SZ,江丰电子,255.13,445.490592,113658.0148,170.487,66212.8946,top_score,,,,2026-06-10
2026-06-11,BUY,600869.SH,远东股份,31.18,2120.388838,66113.724,99.1706,0.0,top_score,,,,2026-06-10
2026-06-15,SELL,300620.SZ,光库科技,292.5,380.573738,111317.8183,166.9767,111150.8416,below_ma20,2026-06-01,275.99,5.9821,2026-06-12
2026-06-15,BUY,688772.SH,珠海冠宇,18.85,5887.764722,110984.365,166.4765,0.0,top_score,,,,2026-06-12
2026-06-18,SELL,600105.SH,永鼎股份,61.83,2072.133823,128120.0343,192.1801,127927.8543,risk_flag,2026-06-10,55.7,11.0054,2026-06-17
2026-06-18,BUY,688498.SH,源杰科技,1600.0,78.288427,125261.4831,187.8922,2478.479,top_score,,,,2026-06-17
